Plant ID,Plant Lineage,Family,Genus,Specific epithet,Cultivar,Scientific Name,Name Status,Reference(s),Parentage,Alternate Name(s),Common Name(s),Habit,Accession Number,Accession Date,Received How,Received As,Abbreviated Name,Infraspecific Rank,Infraspecific Epithet,Provenance,Sampling Technique,Seed Source,Propagation History,Plant Source,Plant Source Accession Number,Plant Source Accession Date,Plant Source Misc.,Index Seminum Year,Index Seminum Item,Collector,Collector Number,Date Collected,Country,Sublocality,Geographic Area,Locality,Collection Latitude,Collection Longitude,Altitude,Altitude Unit,Slope Aspect,Habitat,Soil,Description,Collection Miscellaneous,Associated Taxa,Garden Location,Grid,Quadrant,Garden Latitude,Garden Longitude,Condition Check Date,Condition,Sex,Measurement Date,DBH,DBH Unit,DBH Misc,DBH Accuracy,Height,Height Unit,Height Accuracy,Spread,Spread Unit,Spread Accuracy,Verification,Horticulture Zone,Of Conservation Concern
1199*J,1199,Betulaceae,Betula,nigra,,Betula nigra,Accepted name,"Rehder, A. 1949. Bibliography of Cultivated Trees and Shrubs Hardy in the Cooler Temperate Regions of the Northern Hemisphere. Jamaica Plain, MA: Arnold Arboretum. 825 pp. * 1993. Flora of North America Volume 3. Magnoliophyta: Magnoliidae and Hamamelidae. Http://www.Efloras.Org/florataxon.Aspx?flora_id=1&amp;taxon_id=220006616.",,,River Birch,Tree,1199,07-17-1877,Seed,Betula nigra,Bet. nigra,,,Collected directly from the wild; origin known,,X,,,,,,,,"Dawson, L. Y.",,,United States,"Massachusetts, Lowell",,,,,,,,,,,,,13-NE,13,NE,42.30252077,-71.12397574,12/31/2017,Alive,,10/12/2017,87.5,C,,,,,,,,,"Hugh McAllister, 18 Jun 2009, Betula nigra, 3",2.9,No
1251-79*B,1251-79,Betulaceae,Betula,nigra,,Betula nigra,Accepted name,"Rehder, A. 1949. Bibliography of Cultivated Trees and Shrubs Hardy in the Cooler Temperate Regions of the Northern Hemisphere. Jamaica Plain, MA: Arnold Arboretum. 825 pp. * 1993. Flora of North America Volume 3. Magnoliophyta: Magnoliidae and Hamamelidae. Http://www.Efloras.Org/florataxon.Aspx?flora_id=1&amp;taxon_id=220006616.",,,River Birch,Tree,1251-79,12-20-1979,Seedling,Betula nigra,Bet. nigra,,,Collected directly from the wild; origin known,,,,1979 Koller/Alexander Missouri/Illi,,,,,,"Koller, G. L. and Alexander, J. H.",,01-25-1979,United States,Missouri,,"approximately 3 miles southeast of Zalma, along south bank of Castor River",,,,,,,,,,,13-SE,13,SE,42.30228781,-71.12445659,12/31/2017,Alive,,10/11/2017,70.8,C,at 1m,,,,,,,,,2.9,No
1251-79*A,1251-79,Betulaceae,Betula,nigra,,Betula nigra,Accepted name,"Rehder, A. 1949. Bibliography of Cultivated Trees and Shrubs Hardy in the Cooler Temperate Regions of the Northern Hemisphere. Jamaica Plain, MA: Arnold Arboretum. 825 pp. * 1993. Flora of North America Volume 3. Magnoliophyta: Magnoliidae and Hamamelidae. Http://www.Efloras.Org/florataxon.Aspx?flora_id=1&amp;taxon_id=220006616.",,,River Birch,Tree,1251-79,12-20-1979,Seedling,Betula nigra,Bet. nigra,,,Collected directly from the wild; origin known,,,,1979 Koller/Alexander Missouri/Illi,,,,,,"Koller, G. L. and Alexander, J. H.",,01-25-1979,United States,Missouri,,"approximately 3 miles southeast of Zalma, along south bank of Castor River",,,,,,,,,,,13-SE,13,SE,42.30223154,-71.12410601,12/31/2017,Alive,,,78,C,basal,,,,,,,,"Hugh McAllister, 18 Jun 2009, Betula nigra, 3",2.1,No
1251-79*E,1251-79,Betulaceae,Betula,nigra,,Betula nigra,Accepted name,"Rehder, A. 1949. Bibliography of Cultivated Trees and Shrubs Hardy in the Cooler Temperate Regions of the Northern Hemisphere. Jamaica Plain, MA: Arnold Arboretum. 825 pp. * 1993. Flora of North America Volume 3. Magnoliophyta: Magnoliidae and Hamamelidae. Http://www.Efloras.Org/florataxon.Aspx?flora_id=1&amp;taxon_id=220006616.",,,River Birch,Tree,1251-79,12-20-1979,Seedling,Betula nigra,Bet. nigra,,,Collected directly from the wild; origin known,,,,1979 Koller/Alexander Missouri/Illi,,,,,,"Koller, G. L. and Alexander, J. H.",,01-25-1979,United States,Missouri,,"approximately 3 miles southeast of Zalma, along south bank of Castor River",,,,,,,,,,,13-SE,13,SE,42.3022236,-71.12398789,12/31/2017,Alive,,6/14/2017,70,C,,,,,,,,,"Hugh McAllister, 18 Jun 2009, Betula nigra, 3",2.1,No
1199*D,1199,Betulaceae,Betula,nigra,,Betula nigra,Accepted name,"Rehder, A. 1949. Bibliography of Cultivated Trees and Shrubs Hardy in the Cooler Temperate Regions of the Northern Hemisphere. Jamaica Plain, MA: Arnold Arboretum. 825 pp. * 1993. Flora of North America Volume 3. Magnoliophyta: Magnoliidae and Hamamelidae. Http://www.Efloras.Org/florataxon.Aspx?flora_id=1&amp;taxon_id=220006616.",,,River Birch,Tree,1199,07-17-1877,Seed,Betula nigra,Bet. nigra,,,Collected directly from the wild; origin known,,X,,,,,,,,"Dawson, L. Y.",,,United States,"Massachusetts, Lowell",,,,,,,,,,,,,13-SE,13,SE,42.30215088,-71.12401559,12/31/2017,Alive,,6/14/2017,68,C,,,,,,,,,"Hugh McAllister, 18 Jun 2009, Betula nigra, 3",2.1,No
12843*A,12843,Betulaceae,Betula,alleghaniensis,,Betula alleghaniensis,Accepted name,"Little, E.L.Jr. 1953. Check List of Native and Naturalized Trees of the United States (Including Alaska). (Agricultural Handbook No. 41). Washington, D.C.: U. S. Forest Service. 472 pp.",,"Betula lutea var. alleghaniensis, Betula lutea",Yellow Birch,Tree,12843,10-15-1900,Plant,"Betula lutea, B. alleghaniensis",Bet. alleghan.,,,Collected directly from the wild; origin known,,,,"Mr. Jackson T. Dawson, Arnold Arboretum, Jamaica Plain, MA, United States",,,,,,"Dawson, J. T.",,,United States,"Maine, Bar Harbor",,,,,,,,,,,,,14-SW,14,SW,42.3020682,-71.12386246,12/31/2017,Alive,,,73.8,C,,,,,,,,,,2.1,No
12843*D,12843,Betulaceae,Betula,alleghaniensis,,Betula alleghaniensis,Accepted name,"Little, E.L.Jr. 1953. Check List of Native and Naturalized Trees of the United States (Including Alaska). (Agricultural Handbook No. 41). Washington, D.C.: U. S. Forest Service. 472 pp.",,"Betula lutea var. alleghaniensis, Betula lutea",Yellow Birch,Tree,12843,10-15-1900,Plant,"Betula lutea, B. alleghaniensis",Bet. alleghan.,,,Collected directly from the wild; origin known,,,,"Mr. Jackson T. Dawson, Arnold Arboretum, Jamaica Plain, MA, United States",,,,,,"Dawson, J. T.",,,United States,"Maine, Bar Harbor",,,,,,,,,,,,,14-SW,14,SW,42.30204101,-71.12388059,12/31/2017,Alive,,6/29/2017,70.9,C,at ca. .5m,,,,,,,,,2.1,No
12843*H,12843,Betulaceae,Betula,alleghaniensis,,Betula alleghaniensis,Accepted name,"Little, E.L.Jr. 1953. Check List of Native and Naturalized Trees of the United States (Including Alaska). (Agricultural Handbook No. 41). Washington, D.C.: U. S. Forest Service. 472 pp.",,"Betula lutea var. alleghaniensis, Betula lutea",Yellow Birch,Tree,12843,10-15-1900,Plant,"Betula lutea, B. alleghaniensis",Bet. alleghan.,,,Collected directly from the wild; origin known,,,,"Mr. Jackson T. Dawson, Arnold Arboretum, Jamaica Plain, MA, United States",,,,,,"Dawson, J. T.",,,United States,"Maine, Bar Harbor",,,,,,,,,,,,,14-SW,14,SW,42.30199149,-71.12371027,12/31/2017,Alive,,6/29/2017,64.6,C,,,,,,,,,"McAllister, Hugh, 01 Oct 2012, Betula x caerulea, 3",2.1,No
12843*E,12843,Betulaceae,Betula,alleghaniensis,,Betula alleghaniensis,Accepted name,"Little, E.L.Jr. 1953. Check List of Native and Naturalized Trees of the United States (Including Alaska). (Agricultural Handbook No. 41). Washington, D.C.: U. S. Forest Service. 472 pp.",,"Betula lutea var. alleghaniensis, Betula lutea",Yellow Birch,Tree,12843,10-15-1900,Plant,"Betula lutea, B. alleghaniensis",Bet. alleghan.,,,Collected directly from the wild; origin known,,,,"Mr. Jackson T. Dawson, Arnold Arboretum, Jamaica Plain, MA, United States",,,,,,"Dawson, J. T.",,,United States,"Maine, Bar Harbor",,,,,,,,,,,,,14-SW,14,SW,42.30194578,-71.12374252,12/31/2017,Alive,,6/29/2017,56.2,C,at ca. 1m,,,,,,,,"Hugh McAllister, 18 Jun 2009, Betula alleghaniensis, 3",2.1,No
629-83*D,629-83,Betulaceae,Betula,alleghaniensis,,Betula alleghaniensis,Accepted name,"Little, E.L.Jr. 1953. Check List of Native and Naturalized Trees of the United States (Including Alaska). (Agricultural Handbook No. 41). Washington, D.C.: U. S. Forest Service. 472 pp.",,"Betula lutea var. alleghaniensis, Betula lutea",Yellow Birch,Tree,629-83,03-22-1983,Seedling,Betula lutea,Bet. alleghan.,,,Collected directly from the wild; origin known,,,,"Morton Arboretum, Lisle, IL, United States","409-81, 535-81",,,,,,,,United States,"Illinois, Lee County",,,,,,,,,,,,,20-NW,20,NW,42.30183747,-71.12308955,12/31/2017,Alive,,6/29/2017,36.5,C,basal,,,,,,,,,2.3,No
14585*D,14585,Fagaceae,Fagus,grandifolia,,Fagus grandifolia,Accepted name,"Kruessmann, G. 1985. Manual of Cultivated Broad-leaved Trees &amp; Shrubs. Vol. II. Portland, OR: Timber Press. 445 pp.",,,American Beech,Tree,14585,10-15-1885,Plant,"Fagus ferruginea, F. atropunicea, F. americana",Fagus grandif.,,,Collected directly from the wild; origin known,,,,"Mr. Jackson T. Dawson, Arnold Arboretum, Jamaica Plain, MA, United States",,,,,,"Dawson, J. T.",,10-01-1885,United States,"Massachusetts, Jamaica Plain",,Bussey Woods,,,,,,,,,,,37-NW,37,NW,42.29833046,-71.12294749,12/31/2017,Alive,,10/19/2017,88.7,C,,,,,,,,,,2.6,No
14585*G,14585,Fagaceae,Fagus,grandifolia,,Fagus grandifolia,Accepted name,"Kruessmann, G. 1985. Manual of Cultivated Broad-leaved Trees &amp; Shrubs. Vol. II. Portland, OR: Timber Press. 445 pp.",,,American Beech,Tree,14585,10-15-1885,Plant,"Fagus ferruginea, F. atropunicea, F. americana",Fagus grandif.,,,Collected directly from the wild; origin known,,,,"Mr. Jackson T. Dawson, Arnold Arboretum, Jamaica Plain, MA, United States",,,,,,"Dawson, J. T.",,10-01-1885,United States,"Massachusetts, Jamaica Plain",,Bussey Woods,,,,,,,,,,,37-NE,37,NE,42.2983337,-71.12265119,12/31/2017,Alive,,10/19/2017,71.2,C,,,,,,,,,,2.6,No
12907*I,12907,Juglandaceae,Carya,ovata,,Carya ovata var. ovata,Accepted name,1993. Flora of North America Volume 3. Magnoliophyta: Magnoliidae and Hamamelidae. Http://www.Efloras.Org/florataxon.Aspx?flora_id=1&amp;taxon_id=220006616.,,"Carya ovata var. fraxinifolia, Carya ovata var. pubescens, Carya ovata var. nuttallii",Shagbark Hickory,Tree,12907,10-18-1883,Seed,"Carya alba, Hickoria [Hicoria] ovata, Carya ovata, C. ovata cf. var. fraxinifolia, C. ovata",,var.,ovata,Collected directly from the wild; origin known,S,X,SA,"Mr. Jackson T. Dawson, Arnold Arboretum, Jamaica Plain, MA, United States via Mr. Charles E. Faxon, Arnold Arboretum, Jamaica Plain, MA, United States",,,,,,"Faxon, C. E., Dawson, J. T.","129-153, 155-158",,United States,"Massachusetts, [Suffolk County], Jamaica Plain",,,0.5892,-0.21962,,,,,,,,,19-NW,19,NW,42.30185516,-71.12559225,12/31/2017,Alive,,7/19/2016,49.1,C,,,,,,,,,"Michener, D., 01 Jan 1987, Carya ovata var. fraxinifolia, 2; Dosmann, M., 25 Sep 2020, Carya ovata var. ovata, 3",3.2,No
12907*G,12907,Juglandaceae,Carya,ovata,,Carya ovata var. ovata,Accepted name,1993. Flora of North America Volume 3. Magnoliophyta: Magnoliidae and Hamamelidae. Http://www.Efloras.Org/florataxon.Aspx?flora_id=1&amp;taxon_id=220006616.,,"Carya ovata var. fraxinifolia, Carya ovata var. pubescens, Carya ovata var. nuttallii",Shagbark Hickory,Tree,12907,10-18-1883,Seed,"Carya alba, Hickoria [Hicoria] ovata, Carya ovata, C. ovata cf. var. fraxinifolia, C. ovata",,var.,ovata,Collected directly from the wild; origin known,S,X,SA,"Mr. Jackson T. Dawson, Arnold Arboretum, Jamaica Plain, MA, United States via Mr. Charles E. Faxon, Arnold Arboretum, Jamaica Plain, MA, United States",,,,,,"Faxon, C. E., Dawson, J. T.","129-153, 155-158",,United States,"Massachusetts, [Suffolk County], Jamaica Plain",,,0.5892,-0.21962,,,,,,,,,19-NW,19,NW,42.30181554,-71.1256858,12/31/2017,Alive,,7/19/2016,57.7,C,,,,,,,,,,3.2,No
12907*B,12907,Juglandaceae,Carya,ovata,,Carya ovata var. ovata,Accepted name,1993. Flora of North America Volume 3. Magnoliophyta: Magnoliidae and Hamamelidae. Http://www.Efloras.Org/florataxon.Aspx?flora_id=1&amp;taxon_id=220006616.,,"Carya ovata var. fraxinifolia, Carya ovata var. pubescens, Carya ovata var. nuttallii",Shagbark Hickory,Tree,12907,10-18-1883,Seed,"Carya alba, Hickoria [Hicoria] ovata, Carya ovata, C. ovata cf. var. fraxinifolia, C. ovata",,var.,ovata,Collected directly from the wild; origin known,S,X,SA,"Mr. Jackson T. Dawson, Arnold Arboretum, Jamaica Plain, MA, United States via Mr. Charles E. Faxon, Arnold Arboretum, Jamaica Plain, MA, United States",,,,,,"Faxon, C. E., Dawson, J. T.","129-153, 155-158",,United States,"Massachusetts, [Suffolk County], Jamaica Plain",,,0.5892,-0.21962,,,,,,,,,19-NW,19,NW,42.30172976,-71.12580046,12/31/2017,Alive,,7/19/2016,54.2,C,,,,,,,,,,3.2,No
12907*D,12907,Juglandaceae,Carya,ovata,,Carya ovata var. ovata,Accepted name,1993. Flora of North America Volume 3. Magnoliophyta: Magnoliidae and Hamamelidae. Http://www.Efloras.Org/florataxon.Aspx?flora_id=1&amp;taxon_id=220006616.,,"Carya ovata var. fraxinifolia, Carya ovata var. pubescens, Carya ovata var. nuttallii",Shagbark Hickory,Tree,12907,10-18-1883,Seed,"Carya alba, Hickoria [Hicoria] ovata, Carya ovata, C. ovata cf. var. fraxinifolia, C. ovata",,var.,ovata,Collected directly from the wild; origin known,S,X,SA,"Mr. Jackson T. Dawson, Arnold Arboretum, Jamaica Plain, MA, United States via Mr. Charles E. Faxon, Arnold Arboretum, Jamaica Plain, MA, United States",,,,,,"Faxon, C. E., Dawson, J. T.","129-153, 155-158",,United States,"Massachusetts, [Suffolk County], Jamaica Plain",,,0.5892,-0.21962,,,,,,,,,19-NW,19,NW,42.30168924,-71.12587438,12/31/2017,Alive,,7/19/2016,49.7,C,,,,,,,,,,3.2,No
12907*N,12907,Juglandaceae,Carya,ovata,,Carya ovata var. ovata,Accepted name,1993. Flora of North America Volume 3. Magnoliophyta: Magnoliidae and Hamamelidae. Http://www.Efloras.Org/florataxon.Aspx?flora_id=1&amp;taxon_id=220006616.,,"Carya ovata var. fraxinifolia, Carya ovata var. pubescens, Carya ovata var. nuttallii",Shagbark Hickory,Tree,12907,10-18-1883,Seed,"Carya alba, Hickoria [Hicoria] ovata, Carya ovata, C. ovata cf. var. fraxinifolia, C. ovata",,var.,ovata,Collected directly from the wild; origin known,S,X,SA,"Mr. Jackson T. Dawson, Arnold Arboretum, Jamaica Plain, MA, United States via Mr. Charles E. Faxon, Arnold Arboretum, Jamaica Plain, MA, United States",,,,,,"Faxon, C. E., Dawson, J. T.","129-153, 155-158",,United States,"Massachusetts, [Suffolk County], Jamaica Plain",,,0.5892,-0.21962,,,,,,,,,19-NW,19,NW,42.30163563,-71.12561522,12/31/2017,Alive,,7/19/2016,58.8,C,,,,,,,,,,3.2,No
20095*A,20095,Juglandaceae,Carya,glabra,,Carya glabra,Accepted name,"Rehder, A. 1949. Bibliography of Cultivated Trees and Shrubs Hardy in the Cooler Temperate Regions of the Northern Hemisphere. Jamaica Plain, MA: Arnold Arboretum. 825 pp.",,"Carya ovalis, Carya ovalis var. acuta, Carya ovalis var. hirsuta, Carya ovalis var. obcordata, Carya ovalis var. obovalis, Carya ovalis var. odorata, Carya glabra var. megacarpa, Carya glabra var. hirsuta, Carya leiodermis",Pignut,Tree,20095,07-01-1911,Seed,"Carya sp., Carya ovalis, Carya cf. ovalis",Carya glabra,,,Collected directly from the wild; origin known,S,X,SA,"Prof. Charles Sprague Sargent, Arnold Arboretum, Jamaica Plain, MA, United States",,,,,,"Sargent, C. S.",2,,United States,Pennsylvania,,,0.89633,-0.28782,,,,,,,,,18-SE,18,SE,42.30107199,-71.12629543,12/31/2017,Alive,,7/26/2016,67.4,C,,,,,,,,,,3.2,No
20098*A,20098,Juglandaceae,Carya,glabra,,Carya glabra,Accepted name,"Rehder, A. 1949. Bibliography of Cultivated Trees and Shrubs Hardy in the Cooler Temperate Regions of the Northern Hemisphere. Jamaica Plain, MA: Arnold Arboretum. 825 pp.",,"Carya ovalis, Carya ovalis var. acuta, Carya ovalis var. hirsuta, Carya ovalis var. obcordata, Carya ovalis var. obovalis, Carya ovalis var. odorata, Carya glabra var. megacarpa, Carya glabra var. hirsuta, Carya leiodermis",Pignut,Tree,20098,07-01-1883,Seed,"Carya ovalis, Carya glabra",Carya glabra,,,Collected directly from the wild; origin known,S,X,SA,"Mr. Jackson T. Dawson, Arnold Arboretum, Jamaica Plain, MA, United States via Mr. Charles E. Faxon, Arnold Arboretum, Jamaica Plain, MA, United States",,,,,,"Dawson, J.T., Faxon, C.E.",,07-01-1883,United States,"Massachusetts, [Suffolk County], Jamaica Plain",,,0.5892,-0.21962,,,,,,,,,25-SW,25,SW,42.29994157,-71.1258635,12/31/2017,Alive,,6/21/2016,60.3,C,,,,,,,,,,3.2,No
6990*A,6990,Juglandaceae,Carya,glabra,,Carya glabra,Accepted name,"Rehder, A. 1949. Bibliography of Cultivated Trees and Shrubs Hardy in the Cooler Temperate Regions of the Northern Hemisphere. Jamaica Plain, MA: Arnold Arboretum. 825 pp.",,"Carya ovalis, Carya ovalis var. acuta, Carya ovalis var. hirsuta, Carya ovalis var. obcordata, Carya ovalis var. obovalis, Carya ovalis var. odorata, Carya glabra var. megacarpa, Carya glabra var. hirsuta, Carya leiodermis",Pignut,Tree,6990,12-29-1909,Seed,"Carya sp., Carya porcina acuta, Carya ovalis obovalis acuta, Carya ovalis var. acuta, Carya ovalis",Carya glabra,,,Collected directly from the wild; origin known,S,X,SA,"Highland Park Herbarium, Rochester, NY, United States",,,,,,"Slavin, B. H.",4,,United States,"New York, [Monroe County], Rochester",,Seneca Park,0.34434,-0.3929,,,,,,,"[Seneca Park is an Olmstedian landscape designed to preserve and allow access to a forested gorge along the Genesee River, hence this collection has been interpreted as wild - JRD 5 NOV 2010].",,25-SW,25,SW,42.30020379,-71.12586584,12/31/2017,Alive,,6/22/2016,43.1,C,,,,,,,,,,3.2,No
2019*S,2019,Juglandaceae,Carya,glabra,,Carya glabra,Accepted name,"Rehder, A. 1949. Bibliography of Cultivated Trees and Shrubs Hardy in the Cooler Temperate Regions of the Northern Hemisphere. Jamaica Plain, MA: Arnold Arboretum. 825 pp.",,"Carya ovalis, Carya ovalis var. acuta, Carya ovalis var. hirsuta, Carya ovalis var. obcordata, Carya ovalis var. obovalis, Carya ovalis var. odorata, Carya glabra var. megacarpa, Carya glabra var. hirsuta, Carya leiodermis",Pignut,Tree,2019,10-19-1883,Seed,"Carya porcina, Hickoria glabra, Carya glabra",Carya glabra,,,Collected directly from the wild; origin known,S,X,SA,"Mr. Charles E. Faxon, Arnold Arboretum, Jamaica Plain, MA, United States",,,,,,"Faxon, C.E.",,,United States,"Massachusetts, [Suffolk County], Jamaica Plain",,,0.5892,-0.21962,,,,,,,,,25-SW,25,SW,42.29994973,-71.12573747,11/20/2020,Good,,6/21/2016,64.5,C,,,,,,,,,,3.2,No
2019*R,2019,Juglandaceae,Carya,glabra,,Carya glabra,Accepted name,"Rehder, A. 1949. Bibliography of Cultivated Trees and Shrubs Hardy in the Cooler Temperate Regions of the Northern Hemisphere. Jamaica Plain, MA: Arnold Arboretum. 825 pp.",,"Carya ovalis, Carya ovalis var. acuta, Carya ovalis var. hirsuta, Carya ovalis var. obcordata, Carya ovalis var. obovalis, Carya ovalis var. odorata, Carya glabra var. megacarpa, Carya glabra var. hirsuta, Carya leiodermis",Pignut,Tree,2019,10-19-1883,Seed,"Carya porcina, Hickoria glabra, Carya glabra",Carya glabra,,,Collected directly from the wild; origin known,S,X,SA,"Mr. Charles E. Faxon, Arnold Arboretum, Jamaica Plain, MA, United States",,,,,,"Faxon, C.E.",,,United States,"Massachusetts, [Suffolk County], Jamaica Plain",,,0.5892,-0.21962,,,,,,,,,25-SW,25,SW,42.2999657,-71.12566127,12/31/2017,Alive,,6/21/2016,45.5,C,,,,,,,,,,3.2,No
17527*D,17527,Malvaceae,Tilia,americana,,Tilia americana,Accepted name,"Arnold Arboretum, C.S. no date. Label Information Book. Jamaica Plain, MA: Arnold Arboretum. (unpublished). * Rehder, A. 1940. Manual of Cultivated Trees and Shrubs Hardy in North America (ed. 2). New York, NY: Macmillan Co. 996 pp.",,,"American Linden, American Basswood",Tree,17527,11-15-1897,Plant,"Tilia americana, Tilia glabra, Tilia americana",T. americana,,,From a cultivated plant not of known wild origin,XX,X,U,"Thos. Meehan &amp; Son, Germantown, PA, United States",,,,,,,,,,,,,,,,,,,,,,,7-NE,7,NE,42.3051232,-71.12189286,9/16/2019,Good,,6/4/2019,68.1,C,,,,,,,,,,1.16,No
19804*A,19804,Malvaceae,Tilia,americana,,Tilia americana,Accepted name,"Arnold Arboretum, C.S. no date. Label Information Book. Jamaica Plain, MA: Arnold Arboretum. (unpublished). * Rehder, A. 1940. Manual of Cultivated Trees and Shrubs Hardy in North America (ed. 2). New York, NY: Macmillan Co. 996 pp.",,,"American Linden, American Basswood",Tree,19804,07-01-1916,Seed,"Tilia sp., Tilia heterophylla",T. americana,,,Collected directly from the wild; origin known,S,X,SA,"Mr. Charles C. Deam, Bluffton, IN, United States",,,,,,"Deam, C. C.",18806,,United States,Indiana,,,,,,,,,,,,,7-SE,7,SE,42.30440147,-71.12199832,9/11/2019,Fair,,9/11/2019,80.5,C,,,,,,,,,"Mazzeo, P., 01 Jan 1986, Tilia americana, 2",1.16,No
7141*A,7141,Malvaceae,Tilia,americana,,Tilia americana,Accepted name,"Arnold Arboretum, C.S. no date. Label Information Book. Jamaica Plain, MA: Arnold Arboretum. (unpublished). * Rehder, A. 1940. Manual of Cultivated Trees and Shrubs Hardy in North America (ed. 2). New York, NY: Macmillan Co. 996 pp.",,,"American Linden, American Basswood",Tree,7141,12-15-1912,Plant,"Tilia stellata, Tilia neglecta",T. americana,,,From a cultivated plant not of known wild origin,XX,X,U,"Ludwig Spaeth, Berlin, Germany",,,,,,,,,,,,,,,,,,,,,,,7-SE,7,SE,42.30415322,-71.12252621,9/11/2019,Good,,9/11/2019,58.9,C,,,,,,,,,"Mazzeo, P., 01 Jan 1986, Tilia americana, 2",1.16,No
925-79*B,925-79,Sapindaceae,Aesculus,flava,,Aesculus flava,Accepted name,"Hillier Nurseries 1991. The Hillier Manual of Trees &amp; Shrubs, Ed. 6. Ampfiled House, Ampfield: Hillier Nurseries (Winchester) Ltd. 1-704 pp.",,"Aesculus octandra, Aesculus octandra forma vestita, Aesculus octandra forma virginica","Yellow Buckeye, Sweet Buckeye",Tree,925-79,09-24-1979,Seed,Aesculus octandra,Aesc. flava,,,Collected directly from the wild; origin known,,,,1979 Weaver/Nickerson Expedition,,,,,,"Weaver, R. E., Nickerson, J.",,09-13-1979,United States,"North Carolina, Rutherford County",,"Hickory Nut Gorge, Bat Cave",,,,,,Rich woods.,,,,,10-NE,10,NE,42.30391297,-71.12232333,9/11/2019,Good,,9/11/2019,44.5,C,,,,,,,,,,1.16,No
12651*H,12651,Sapindaceae,Aesculus,flava,,Aesculus flava,Accepted name,"Hillier Nurseries 1991. The Hillier Manual of Trees &amp; Shrubs, Ed. 6. Ampfiled House, Ampfield: Hillier Nurseries (Winchester) Ltd. 1-704 pp.",,"Aesculus octandra, Aesculus octandra forma vestita, Aesculus octandra forma virginica","Yellow Buckeye, Sweet Buckeye",Tree,12651,07-01-1906,Seed,Aesculus octandra f. vestita,Aesc. flava,,,Collected directly from the wild; origin known,,,,"Mr. Thomas Grant Harbison, Highlands, NC, United States",,,,,,"Harbison, T. G.",,07-01-1906,United States,"North Carolina, Buncombe County",,Craggy Mt.,,,,,,,,,,,11-NW,11,NW,42.3035604,-71.12143904,9/17/2019,Fair,,9/17/2019,49.1,C,,,,,,,,,"Michener, D., 01 Jan 1987, Aesculus flava, 2",1.15,No
12651*D,12651,Sapindaceae,Aesculus,flava,,Aesculus flava,Accepted name,"Hillier Nurseries 1991. The Hillier Manual of Trees &amp; Shrubs, Ed. 6. Ampfiled House, Ampfield: Hillier Nurseries (Winchester) Ltd. 1-704 pp.",,"Aesculus octandra, Aesculus octandra forma vestita, Aesculus octandra forma virginica","Yellow Buckeye, Sweet Buckeye",Tree,12651,07-01-1906,Seed,Aesculus octandra f. vestita,Aesc. flava,,,Collected directly from the wild; origin known,,,,"Mr. Thomas Grant Harbison, Highlands, NC, United States",,,,,,"Harbison, T. G.",,07-01-1906,United States,"North Carolina, Buncombe County",,Craggy Mt.,,,,,,,,,,,11-SW,11,SW,42.30351523,-71.12133382,9/17/2019,Good,,9/17/2019,60.2,C,,,,,,,,,"Michener, D., 01 Jan 1987, Aesculus flava, 2",1.15,No
12651*C,12651,Sapindaceae,Aesculus,flava,,Aesculus flava,Accepted name,"Hillier Nurseries 1991. The Hillier Manual of Trees &amp; Shrubs, Ed. 6. Ampfiled House, Ampfield: Hillier Nurseries (Winchester) Ltd. 1-704 pp.",,"Aesculus octandra, Aesculus octandra forma vestita, Aesculus octandra forma virginica","Yellow Buckeye, Sweet Buckeye",Tree,12651,07-01-1906,Seed,Aesculus octandra f. vestita,Aesc. flava,,,Collected directly from the wild; origin known,,,,"Mr. Thomas Grant Harbison, Highlands, NC, United States",,,,,,"Harbison, T. G.",,07-01-1906,United States,"North Carolina, Buncombe County",,Craggy Mt.,,,,,,,,,,,11-NW,11,NW,42.30355576,-71.1212595,9/17/2019,Good,,9/17/2019,35.3,C,,,,,,,,,,1.15,No
187-2006*B,187-2006,Sapindaceae,Acer,saccharum,,Acer saccharum,Accepted name,"Rehder, A. 1949. Bibliography of Cultivated Trees and Shrubs Hardy in the Cooler Temperate Regions of the Northern Hemisphere. Jamaica Plain, MA: Arnold Arboretum. 825 pp. * New England Wild Flower Society, Haines, A. 2011. Flora Novae Angliae. A manual for identification of native and naturalized higher vascular plants of New England. Yale University Press, New Haven and London. * Radford, A.E., H.E. Ahles, C.R. Bell 1968. Manual of the Vascular Flora of the Carolinas. Chapel Hill: UNC Press. 1-1183 pp.",,"Acer saccharophorum, Aster saccharum",Sugar Maple,Tree,187-2006,04-26-2006,Plant,Acer saccharum,A. saccharum,,,Collected directly from the wild; origin known,XX,X,U,"Heritage Seedlings Nursery, Salem, OR, United States",,,,,,,,,United States,Pennsylvania,,From the hills around Pittsburgh.,,,,,,,,,,,8-SE,8,SE,42.30431226,-71.12006593,10/7/2019,Fair,,10/26/2011,21.9,C,,,,,,,,,,1.6,No
20645*A,20645,Sapindaceae,Acer,saccharum,,Acer saccharum,Accepted name,"Rehder, A. 1949. Bibliography of Cultivated Trees and Shrubs Hardy in the Cooler Temperate Regions of the Northern Hemisphere. Jamaica Plain, MA: Arnold Arboretum. 825 pp. * New England Wild Flower Society, Haines, A. 2011. Flora Novae Angliae. A manual for identification of native and naturalized higher vascular plants of New England. Yale University Press, New Haven and London. * Radford, A.E., H.E. Ahles, C.R. Bell 1968. Manual of the Vascular Flora of the Carolinas. Chapel Hill: UNC Press. 1-1183 pp.",,"Acer saccharophorum, Aster saccharum",Sugar Maple,Tree,20645,11-09-1928,Plant,Acer saccharum,A. saccharum,,,Information insufficient to determine provenance,,,,"Bay State Nursery, North Abington, MA, United States",,,,,,,,,,,,,,,,,,,,,,,11-NE,11,NE,42.30370116,-71.12007443,10/7/2019,Good,,9/24/2019,85.7,C,,,,,,,,,,1.6,No
22834*B,22834,Sapindaceae,Acer,saccharum,,Acer saccharum,Accepted name,"Rehder, A. 1949. Bibliography of Cultivated Trees and Shrubs Hardy in the Cooler Temperate Regions of the Northern Hemisphere. Jamaica Plain, MA: Arnold Arboretum. 825 pp. * New England Wild Flower Society, Haines, A. 2011. Flora Novae Angliae. A manual for identification of native and naturalized higher vascular plants of New England. Yale University Press, New Haven and London. * Radford, A.E., H.E. Ahles, C.R. Bell 1968. Manual of the Vascular Flora of the Carolinas. Chapel Hill: UNC Press. 1-1183 pp.",,"Acer saccharophorum, Aster saccharum",Sugar Maple,Tree,22834,02-02-1950,Seedling,Acer saccharum,A. saccharum,,,From a cultivated plant not of known wild origin,,,,"Dr. Karl Sax, Arnold Arboretum, Jamaica Plain, MA, United States via Arnold Arboretum, Jamaica Plain, MA, United States",,,,,,"Sax, K.",,02-15-1950,United States,Massachusetts,,"Jamaica Plain, Peters Estate",,,,,,,,,,,11-NW,11,NW,42.3040241,-71.12065871,9/9/2020,Good,,9/23/2019,81.9,C,at 0.5m,,,,,,,,"Delendick, T.J., 15 May 1986, Acer saccharum, 2",1.6,No
12565*C,12565,Sapindaceae,Acer,saccharum,,Acer saccharum,Accepted name,"Rehder, A. 1949. Bibliography of Cultivated Trees and Shrubs Hardy in the Cooler Temperate Regions of the Northern Hemisphere. Jamaica Plain, MA: Arnold Arboretum. 825 pp. * New England Wild Flower Society, Haines, A. 2011. Flora Novae Angliae. A manual for identification of native and naturalized higher vascular plants of New England. Yale University Press, New Haven and London. * Radford, A.E., H.E. Ahles, C.R. Bell 1968. Manual of the Vascular Flora of the Carolinas. Chapel Hill: UNC Press. 1-1183 pp.",,"Acer saccharophorum, Aster saccharum",Sugar Maple,Tree,12565,10-15-1883,Plant,Acer saccharinum; A. barbatum; A. saccharum glaucum,A. saccharum,,,Collected directly from the wild; origin known,,,,"Mr. Jackson T. Dawson, Arnold Arboretum, Jamaica Plain, MA, United States",,,,,,"Dawson, J. T.",828-833,10-15-1883,United States,"Massachusetts, Malden",,,,,,,,,,,,,11-SE,11,SE,42.30346585,-71.12008242,10/7/2019,Fair,,10/7/2019,97.6,C,at 0.8m,,,,,,,,"Delendick,T.J., 01 May 1986, Acer saccharum, 2",1.6,No
1196-84*A,1196-84,Sapindaceae,Acer,rubrum,,Acer rubrum,Accepted name,"Rehder, A. 1949. Bibliography of Cultivated Trees and Shrubs Hardy in the Cooler Temperate Regions of the Northern Hemisphere. Jamaica Plain, MA: Arnold Arboretum. 825 pp. * New England Wild Flower Society, Haines, A. 2011. Flora Novae Angliae. A manual for identification of native and naturalized higher vascular plants of New England. Yale University Press, New Haven and London. * Radford, A.E., H.E. Ahles, C.R. Bell 1968. Manual of the Vascular Flora of the Carolinas. Chapel Hill: UNC Press. 1-1183 pp.",,,Red Maple,Tree,1196-84,10-15-1984,Plant,Acer rubrum,A. rubrum,,,Collected directly from the wild; origin known,,,,"Mr. Gary L. Koller, Arnold Arboretum, Jamaica Plain, MA, United States",,,,,,"Koller, G. L.",,10-12-1984,United States,"Massachusetts, Norfolk County",,"Blue Hills Reservation, near intersection of Rte. 128 and Ponkapoag Trail, along access road to Ponkapoag Pond",,,,,,,,,,,11-NE,11,NE,42.30388171,-71.12019927,10/7/2019,Good,,9/24/2019,27.3,C,,,,,,,,,,1.6,No
15350*A,15350,Sapindaceae,Acer,rubrum,,Acer rubrum,Accepted name,"Rehder, A. 1949. Bibliography of Cultivated Trees and Shrubs Hardy in the Cooler Temperate Regions of the Northern Hemisphere. Jamaica Plain, MA: Arnold Arboretum. 825 pp. * New England Wild Flower Society, Haines, A. 2011. Flora Novae Angliae. A manual for identification of native and naturalized higher vascular plants of New England. Yale University Press, New Haven and London. * Radford, A.E., H.E. Ahles, C.R. Bell 1968. Manual of the Vascular Flora of the Carolinas. Chapel Hill: UNC Press. 1-1183 pp.",,,Red Maple,Tree,15350,04-16-1924,Plant,Acer rubrum,A. rubrum,,,Information insufficient to determine provenance,,,,"Kelsey Highlands Nursery, East Boxford, MA, United States",,,,,,,,,,,,,,,,,,,,,,,11-NW,11,NW,42.30387457,-71.12074952,9/23/2019,Good,,9/23/2019,77.5,C,,,,,,,,,"Delendick, T., 15 May 1986, Acer rubrum, 2",1.6,No
525-2009*A,525-2009,Sapindaceae,Acer,rubrum,,Acer rubrum,Accepted name,"Rehder, A. 1949. Bibliography of Cultivated Trees and Shrubs Hardy in the Cooler Temperate Regions of the Northern Hemisphere. Jamaica Plain, MA: Arnold Arboretum. 825 pp. * New England Wild Flower Society, Haines, A. 2011. Flora Novae Angliae. A manual for identification of native and naturalized higher vascular plants of New England. Yale University Press, New Haven and London. * Radford, A.E., H.E. Ahles, C.R. Bell 1968. Manual of the Vascular Flora of the Carolinas. Chapel Hill: UNC Press. 1-1183 pp.",,,Red Maple,Tree,525-2009,09-09-2009,Existing plant,Acer rubrum,A. rubrum,,,Information insufficient to determine provenance,,,,"Unknown via Arnold Arboretum, Jamaica Plain, MA, United States",,,,,,,,,,,,,,,,,,,,,,,11-SW,11,SW,42.30320004,-71.12119722,9/17/2019,Good,,9/17/2019,55.7,C,,,,,,,,,,1.15,No
567-2008*B,567-2008,Sapindaceae,Acer,rubrum,,Acer rubrum,Accepted name,"Rehder, A. 1949. Bibliography of Cultivated Trees and Shrubs Hardy in the Cooler Temperate Regions of the Northern Hemisphere. Jamaica Plain, MA: Arnold Arboretum. 825 pp. * New England Wild Flower Society, Haines, A. 2011. Flora Novae Angliae. A manual for identification of native and naturalized higher vascular plants of New England. Yale University Press, New Haven and London. * Radford, A.E., H.E. Ahles, C.R. Bell 1968. Manual of the Vascular Flora of the Carolinas. Chapel Hill: UNC Press. 1-1183 pp.",,,Red Maple,Tree,567-2008,10-16-2008,Seedling,Acer rubrum,A. rubrum,,,Collected directly from the wild; origin known,VM,,SA,DACK-08 Adirondack Expedition 2008,27A,,,,,"Alexander, Jack; Collins, Dennis; Dosmann, Michael; Schneider, Stephen; Thibault, Tim",27A,10-07-2008,United States,"New York, Franklin Co., Paul Smiths",,5. Black Pond near Adirondack Park Visitor Interpretive Center - North 300 m from Black Pond.,0,0,514,M,10°° NE,"Mesic woodland, canopy gap from recent (5 years?) Tsuga blow down. Growing in 0.5 shade.","Sandy, high organic matter","These are 2 - 3 month old seedlings; Mature trees in area, huge (to 23.0 m) and with very shaggy bark. < 15.24 cm.",Some Acer spicatum in area and some of these small seedlings may be that species. Collections made from ca. 20 plants.,"Abies balsamea, Acer platanoides, Acer spicatum, Betula alleghaniensis, Cornus canadensis, Fagus grandifolia, Picea sp., Tsuga canadensis, Viburnum lantanoides",11-NE,11,NE,42.30387168,-71.12031406,10/7/2019,Good,,10/7/2019,8.6,C,,,,,,,,,,1.6,No
524-2009*A,524-2009,Sapindaceae,Acer,rubrum,,Acer rubrum,Accepted name,"Rehder, A. 1949. Bibliography of Cultivated Trees and Shrubs Hardy in the Cooler Temperate Regions of the Northern Hemisphere. Jamaica Plain, MA: Arnold Arboretum. 825 pp. * New England Wild Flower Society, Haines, A. 2011. Flora Novae Angliae. A manual for identification of native and naturalized higher vascular plants of New England. Yale University Press, New Haven and London. * Radford, A.E., H.E. Ahles, C.R. Bell 1968. Manual of the Vascular Flora of the Carolinas. Chapel Hill: UNC Press. 1-1183 pp.",,,Red Maple,Tree,524-2009,09-09-2009,Existing plant,Acer rubrum,A. rubrum,,,Information insufficient to determine provenance,,,,"Unknown via Arnold Arboretum, Jamaica Plain, MA, United States",,,,,,,,,,,,,,,,,,,,,,,11-SW,11,SW,42.30316247,-71.12125376,9/17/2019,Good,,9/17/2019,64.2,C,,,,,,,,,,1.15,No
8197*A,8197,Fagaceae,Quercus,rubra,,Quercus rubra,Accepted name,"Fernald, M.L. 1950. Gray's New Manual of Botany. (8th ed.). New York: American Book Company. 1-1632 pp. * Flora of North America Editorial Committee, eds. 1997. Flora of North America. Magnoliophyta: Magnoliidae and Hamamelidae.",,"Quercus rubra var. rubra, Quercus rubra var. borealis, Quercus rubra var. maxima, Quercus borealis, Quercus borealis var. maxima",Northern Red Oak,Tree,8197,07-01-1916,Seed,"Quercus shumardii, Quercus borealis maxima, Quercus rubra maxima",Q. rubra,,,Collected directly from the wild; origin known,S,X,SA,"Mr. Thomas Grant Harbison, Highlands, NC, United States",,,,,,"Harbison, T. G.",,,United States,Tennessee,,,,,,,,,,,,,25-SE,25,SE,42.2999685,-71.12424385,12/31/2017,Alive,,10/17/2017,66.2,C,,,,,,,,,,2.7,No
11253*A,11253,Fagaceae,Quercus,rubra,,Quercus rubra,Accepted name,"Fernald, M.L. 1950. Gray's New Manual of Botany. (8th ed.). New York: American Book Company. 1-1632 pp. * Flora of North America Editorial Committee, eds. 1997. Flora of North America. Magnoliophyta: Magnoliidae and Hamamelidae.",,"Quercus rubra var. rubra, Quercus rubra var. borealis, Quercus rubra var. maxima, Quercus borealis, Quercus borealis var. maxima",Northern Red Oak,Tree,11253,01-13-1917,Seed,"Quercus borealis?, Quercus rubra maxima",Q. rubra,,,Collected directly from the wild; origin known,S,X,SA,"Mr. Thomas Grant Harbison, Highlands, NC, United States",,,,,,"Harbison, T. G.",,,United States,"North Carolina, Highlands",,,,,,,,,,,,,25-SE,25,SE,42.30002036,-71.12432118,12/31/2017,Alive,,10/17/2017,69.5,C,,,,,,,,,,2.7,No
5859*A,5859,Fagaceae,Quercus,rubra,,Quercus rubra,Accepted name,"Fernald, M.L. 1950. Gray's New Manual of Botany. (8th ed.). New York: American Book Company. 1-1632 pp. * Flora of North America Editorial Committee, eds. 1997. Flora of North America. Magnoliophyta: Magnoliidae and Hamamelidae.",,"Quercus rubra var. rubra, Quercus rubra var. borealis, Quercus rubra var. maxima, Quercus borealis, Quercus borealis var. maxima",Northern Red Oak,Tree,5859,09-02-1908,Seed,"Quercus borealis, Quercus borealis maxima, Quercus rubra maxima",Q. rubra,,,Collected directly from the wild; origin known,S,X,SA,"Mr. Charles E. Faxon, Arnold Arboretum, Jamaica Plain, MA, United States",,,,,,"Faxon, C.E.",,,United States,"New Hampshire, Littleton",,,,,,,,,,,,,26-SW,26,SW,42.29994632,-71.12375725,1/22/2020,Alive,,8/24/2017,80.7,C,,,,,,,,,,2.7,No
5859*B,5859,Fagaceae,Quercus,rubra,,Quercus rubra,Accepted name,"Fernald, M.L. 1950. Gray's New Manual of Botany. (8th ed.). New York: American Book Company. 1-1632 pp. * Flora of North America Editorial Committee, eds. 1997. Flora of North America. Magnoliophyta: Magnoliidae and Hamamelidae.",,"Quercus rubra var. rubra, Quercus rubra var. borealis, Quercus rubra var. maxima, Quercus borealis, Quercus borealis var. maxima",Northern Red Oak,Tree,5859,09-02-1908,Seed,"Quercus borealis, Quercus borealis maxima, Quercus rubra maxima",Q. rubra,,,Collected directly from the wild; origin known,S,X,SA,"Mr. Charles E. Faxon, Arnold Arboretum, Jamaica Plain, MA, United States",,,,,,"Faxon, C.E.",,,United States,"New Hampshire, Littleton",,,,,,,,,,,,,26-SW,26,SW,42.29996131,-71.12363106,12/31/2017,Alive,,8/24/2017,92.6,C,,,,,,,,,,2.7,No
16882*B,16882,Fagaceae,Quercus,rubra,,Quercus rubra,Accepted name,"Fernald, M.L. 1950. Gray's New Manual of Botany. (8th ed.). New York: American Book Company. 1-1632 pp. * Flora of North America Editorial Committee, eds. 1997. Flora of North America. Magnoliophyta: Magnoliidae and Hamamelidae.",,"Quercus rubra var. rubra, Quercus rubra var. borealis, Quercus rubra var. maxima, Quercus borealis, Quercus borealis var. maxima",Northern Red Oak,Tree,16882,10-19-1916,Seed,"Quercus texana, Quercus texana shumardi, Quercus shumardii, Quercus borealis maxima, Quercus borealis, Quercus rubra maxima",Q. rubra,,,Collected directly from the wild; origin known,S,X,SA,"Mr. Thomas Grant Harbison, Highlands, NC, United States",,,,,,"Harbison, T.G.",7,,United States,"Alabama, Birmingham",,,,,,,,,,,,,32-NW,32,NW,42.29961037,-71.12377523,12/31/2017,Alive,,10/18/2017,61.6,C,,,,,,,,,,2.7,No
22886*D,22886,Fagaceae,Quercus,alba,,Quercus alba,Accepted name,"Kruessmann, G. 1986. Manual of Cultivated Broad-leaved Trees &amp; Shrubs. Vol. III. Portland, OR: Timber Press. 510 pp. * Flora of North America Editorial Committee, eds. 1997. Flora of North America. Magnoliophyta: Magnoliidae and Hamamelidae.",,,"White Oak, Eastern White Oak",Tree,22886,07-01-1950,Existing plant,Quercus alba,Q. alba,,,Information insufficient to determine provenance,XX,X,U,Unknown,,,,,,,,,,,,,,,,,,,,,,,31-NE,31,NE,42.29940788,-71.12438014,12/31/2017,Alive,,10/17/2017,87.2,C,,,,,,,,,,2.7,No
227-2011*A,227-2011,Fagaceae,Quercus,alba,,Quercus alba,Accepted name,"Kruessmann, G. 1986. Manual of Cultivated Broad-leaved Trees &amp; Shrubs. Vol. III. Portland, OR: Timber Press. 510 pp. * Flora of North America Editorial Committee, eds. 1997. Flora of North America. Magnoliophyta: Magnoliidae and Hamamelidae.",,,"White Oak, Eastern White Oak",Tree,227-2011,07-26-2011,Existing plant,Quercus alba,Q. alba,,,Information insufficient to determine provenance,,,,"Arnold Arboretum, Jamaica Plain, MA, United States",,,,,,,,,,,,,,,,,,,,,,,31-NE,31,NE,42.29933201,-71.12435358,12/31/2017,Alive,,10/17/2017,66.1,C,,,,,,,,,,2.7,No
358-82*A,358-82,Fagaceae,Quercus,alba,,Quercus alba,Accepted name,"Kruessmann, G. 1986. Manual of Cultivated Broad-leaved Trees &amp; Shrubs. Vol. III. Portland, OR: Timber Press. 510 pp. * Flora of North America Editorial Committee, eds. 1997. Flora of North America. Magnoliophyta: Magnoliidae and Hamamelidae.",,,"White Oak, Eastern White Oak",Tree,358-82,03-25-1982,Seed,Quercus alba,Q. alba,,,Collected directly from the wild; origin known,,,,"Eco-Gardens, Decatur, GA, United States",,,,,,"Jacobs, D.",,,United States,"Georgia, Decatur",,,,,,,,,,,,,32-NW,32,NW,42.29920928,-71.12373613,12/31/2017,Alive,,10/18/2017,38.4,C,,,,,,,,,,2.7,No
21815*E,21815,Fagaceae,Quercus,alba,,Quercus alba,Accepted name,"Kruessmann, G. 1986. Manual of Cultivated Broad-leaved Trees &amp; Shrubs. Vol. III. Portland, OR: Timber Press. 510 pp. * Flora of North America Editorial Committee, eds. 1997. Flora of North America. Magnoliophyta: Magnoliidae and Hamamelidae.",,,"White Oak, Eastern White Oak",Tree,21815,07-01-1931,Existing plant,Quercus alba,Q. alba,,,Information insufficient to determine provenance,XX,X,U,Unknown,,,,,,,,,,,,,,,,,,,,,,,32-NW,32,NW,42.29918666,-71.12348625,12/31/2017,Alive,,10/18/2017,73.3,C,,,,,,,,,,2.7,No
1323-82*A,1323-82,Malvaceae,Tilia,americana,,Tilia americana,Accepted name,"Arnold Arboretum, C.S. no date. Label Information Book. Jamaica Plain, MA: Arnold Arboretum. (unpublished). * Rehder, A. 1940. Manual of Cultivated Trees and Shrubs Hardy in North America (ed. 2). New York, NY: Macmillan Co. 996 pp.",,,"American Linden, American Basswood",Tree,1323-82,10-08-1982,Plant,Tilia americana,T. americana,,,Collected directly from the wild; origin known,XX,X,SA,"Ms. Ida Hay, Arnold Arboretum, Jamaica Plain, MA, United States",,,,,,"Hay, I., Geary, S.",,10-05-1982,United States,"Massachusetts, Franklin County, West Whately",,,,,,,,,,,,,51-NW,51,NW,42.29514117,-71.12601307,8/6/2020,Alive,,10/27/2015,83.6,C,,,,,,,,,,4.13,No
16611*F,16611,Salicaceae,Populus,deltoides,,Populus deltoides ssp. deltoides,Accepted name,"2010. Flora of North America. Magnoliophyta: Salicaceae to Brassicaceae. Oxford University Press. * Eckenwalder, J.E. 1977. North American Cottonwoods (Populus, Salicaceae) of Sections Abaso and Aigeiros. Journal of the Arnold Arboretum 58:193-208.",,"Populus virginiana, Populus angulata, Populus angulata var. missouriensis",,Tree,16611,08-15-1895,Seedling,"Populus monilifera, P. deltoides, P. balsamifera virginiana, P. deltoides",Pop. delt. ssp. delt.,ssp.,deltoides,Collected directly from the wild; origin known,,,,"Mr. J. G. Jack, Arnold Arboretum, Jamaica Plain, MA, United States",,,,,,"Jack, J. G.",,,Canada,"Quebec, Chateauguay",,,,,,,,,,,August 1895 and September 1896,,51-SE,51,SE,42.29432229,-71.12466088,12/31/2017,Alive,,10/7/2015,91.4,C,,,,,,,,,"Eckenwalder, J. E., 01 Jan 1989, Populus deltoides ssp. deltoides, 3",4.4,No
16611*J,16611,Salicaceae,Populus,deltoides,,Populus deltoides ssp. deltoides,Accepted name,"2010. Flora of North America. Magnoliophyta: Salicaceae to Brassicaceae. Oxford University Press. * Eckenwalder, J.E. 1977. North American Cottonwoods (Populus, Salicaceae) of Sections Abaso and Aigeiros. Journal of the Arnold Arboretum 58:193-208.",,"Populus virginiana, Populus angulata, Populus angulata var. missouriensis",,Tree,16611,08-15-1895,Seedling,"Populus monilifera, P. deltoides, P. balsamifera virginiana, P. deltoides",Pop. delt. ssp. delt.,ssp.,deltoides,Collected directly from the wild; origin known,,,,"Mr. J. G. Jack, Arnold Arboretum, Jamaica Plain, MA, United States",,,,,,"Jack, J. G.",,,Canada,"Quebec, Chateauguay",,,,,,,,,,,August 1895 and September 1896,,55-NE,55,NE,42.2941909,-71.12464076,12/31/2017,Alive,,7/21/2015,68.6,C,,,,,,,,,,4.12,No
16611*K,16611,Salicaceae,Populus,deltoides,,Populus deltoides ssp. deltoides,Accepted name,"2010. Flora of North America. Magnoliophyta: Salicaceae to Brassicaceae. Oxford University Press. * Eckenwalder, J.E. 1977. North American Cottonwoods (Populus, Salicaceae) of Sections Abaso and Aigeiros. Journal of the Arnold Arboretum 58:193-208.",,"Populus virginiana, Populus angulata, Populus angulata var. missouriensis",,Tree,16611,08-15-1895,Seedling,"Populus monilifera, P. deltoides, P. balsamifera virginiana, P. deltoides",Pop. delt. ssp. delt.,ssp.,deltoides,Collected directly from the wild; origin known,,,,"Mr. J. G. Jack, Arnold Arboretum, Jamaica Plain, MA, United States",,,,,,"Jack, J. G.",,,Canada,"Quebec, Chateauguay",,,,,,,,,,,August 1895 and September 1896,,55-NE,55,NE,42.29404926,-71.12460511,12/31/2017,Alive,,7/21/2015,78.8,C,,,,,,,,,,4.12,No
16611*O,16611,Salicaceae,Populus,deltoides,,Populus deltoides ssp. deltoides,Accepted name,"2010. Flora of North America. Magnoliophyta: Salicaceae to Brassicaceae. Oxford University Press. * Eckenwalder, J.E. 1977. North American Cottonwoods (Populus, Salicaceae) of Sections Abaso and Aigeiros. Journal of the Arnold Arboretum 58:193-208.",,"Populus virginiana, Populus angulata, Populus angulata var. missouriensis",,Tree,16611,08-15-1895,Seedling,"Populus monilifera, P. deltoides, P. balsamifera virginiana, P. deltoides",Pop. delt. ssp. delt.,ssp.,deltoides,Collected directly from the wild; origin known,,,,"Mr. J. G. Jack, Arnold Arboretum, Jamaica Plain, MA, United States",,,,,,"Jack, J. G.",,,Canada,"Quebec, Chateauguay",,,,,,,,,,,August 1895 and September 1896,,55-NE,55,NE,42.29389083,-71.1246033,12/31/2017,Alive,,7/21/2015,84.6,C,,,,,,,,,,4.4,No
689-2010*A,689-2010,Sapindaceae,Acer,saccharum,,Acer saccharum,Accepted name,"Rehder, A. 1949. Bibliography of Cultivated Trees and Shrubs Hardy in the Cooler Temperate Regions of the Northern Hemisphere. Jamaica Plain, MA: Arnold Arboretum. 825 pp. * New England Wild Flower Society, Haines, A. 2011. Flora Novae Angliae. A manual for identification of native and naturalized higher vascular plants of New England. Yale University Press, New Haven and London. * Radford, A.E., H.E. Ahles, C.R. Bell 1968. Manual of the Vascular Flora of the Carolinas. Chapel Hill: UNC Press. 1-1183 pp.",,"Acer saccharophorum, Aster saccharum",Sugar Maple,Tree,689-2010,11-18-2010,Existing plant,Acer saccharum,A. saccharum,,,Information insufficient to determine provenance,,,,"Arnold Arboretum, Jamaica Plain, MA, United States",,,,,,,,,,,,,,,,,,,,,,,62-NW,62,NW,42.2917509,-71.12781479,12/31/2017,Alive,,5/26/2015,73.5,C,,,,,,,,,,4.4,No
611-2010*A,611-2010,Fagaceae,Quercus,alba,,Quercus alba,Accepted name,"Kruessmann, G. 1986. Manual of Cultivated Broad-leaved Trees &amp; Shrubs. Vol. III. Portland, OR: Timber Press. 510 pp. * Flora of North America Editorial Committee, eds. 1997. Flora of North America. Magnoliophyta: Magnoliidae and Hamamelidae.",,,"White Oak, Eastern White Oak",Tree,611-2010,11-15-2010,Existing plant,Quercus alba,Q. alba,,,Information insufficient to determine provenance,,,,"Arnold Arboretum, Jamaica Plain, MA, United States",,,,,,,,,,,,,,,,,,,,,,,57-NE,57,NE,42.29281823,-71.12903099,12/31/2017,Alive,,7/8/2015,72.7,C,,,,,,,,,,4.4,No
22099*A,22099,Salicaceae,Populus,deltoides,,Populus deltoides ssp. deltoides,Accepted name,"2010. Flora of North America. Magnoliophyta: Salicaceae to Brassicaceae. Oxford University Press. * Eckenwalder, J.E. 1977. North American Cottonwoods (Populus, Salicaceae) of Sections Abaso and Aigeiros. Journal of the Arnold Arboretum 58:193-208.",,"Populus virginiana, Populus angulata, Populus angulata var. missouriensis",,Tree,22099,07-01-1911,Seed,"Populus sp., P. balsamifera virginiana, P. deltoides",Pop. delt. ssp. delt.,ssp.,deltoides,Collected directly from the wild; origin known,,,,"Highland Park Herbarium, Rochester, NY, United States",,,,,,"Slavin, B. M.",16,,United States,"New York, Sodus Bay",,,,,,,,,,,,,55-NE,55,NE,42.29378479,-71.124621,12/31/2017,Alive,,7/21/2015,55.7,C,,,,,,,,,"Eckenwalder, J. E., 01 Jan 1989, Populus deltoides ssp. deltoides, 3",4.4,No
12651*I,12651,Sapindaceae,Aesculus,flava,,Aesculus flava,Accepted name,"Hillier Nurseries 1991. The Hillier Manual of Trees &amp; Shrubs, Ed. 6. Ampfiled House, Ampfield: Hillier Nurseries (Winchester) Ltd. 1-704 pp.",,"Aesculus octandra, Aesculus octandra forma vestita, Aesculus octandra forma virginica","Yellow Buckeye, Sweet Buckeye",Tree,12651,07-01-1906,Seed,Aesculus octandra f. vestita,Aesc. flava,,,Collected directly from the wild; origin known,,,,"Mr. Thomas Grant Harbison, Highlands, NC, United States",,,,,,"Harbison, T. G.",,07-01-1906,United States,"North Carolina, Buncombe County",,Craggy Mt.,,,,,,,,,,,57-NE,57,NE,42.2931417,-71.12879258,12/31/2017,Alive,,7/8/2015,59.2,C,,,,,,,,,,4.3,No
17538*A,17538,Malvaceae,Tilia,americana,,Tilia americana,Accepted name,"Arnold Arboretum, C.S. no date. Label Information Book. Jamaica Plain, MA: Arnold Arboretum. (unpublished). * Rehder, A. 1940. Manual of Cultivated Trees and Shrubs Hardy in North America (ed. 2). New York, NY: Macmillan Co. 996 pp.",,,"American Linden, American Basswood",Tree,17538,09-15-1906,Seed,"Tilia michauxii, Tilia neglecta",T. americana,,,Collected directly from the wild; origin known,S,X,SA,"Mr. J. G. Jack, Arnold Arboretum, Jamaica Plain, MA, United States",,,,,,"Jack, J. G.",,,Canada,"Quebec, Terrebonne County",,Sainte Therese,,,,,,,,,,,53-SE,53,SE,42.29325928,-71.12871082,12/31/2017,Alive,,7/23/2015,80.1,C,,,,,,,,,,4.1,No
1104-81*A,1104-81,Adoxaceae,Viburnum,cassinoides,,Viburnum cassinoides,Accepted name,"Dirr, M.A. 2007. Viburnums. Flowering Shrubs for Every Season. Timber Press, Inc. * Kruessmann, G. 1986. Manual of Cultivated Broad-leaved Trees &amp; Shrubs. Vol. III. Portland, OR: Timber Press. 510 pp.",,,Withe-rod,Shrub,1104-81,04-13-1982,Cutting,Viburnum cassinoides,V. cassinoides,,,Collected directly from the wild; origin known,V,X,VA,"Mr. Gary L. Koller, Arnold Arboretum, Jamaica Plain, MA, United States",,,,,,"Koller, G. L.",,07-18-1981,United States,Massachusetts,,"along shoreline of Mary Dunn Pond, near Hyannis",,,,,,edge of woodland,,,,"Leucothoe racemosa, Nemopanthus mucronatus, Pinus rigida, Quercus sp., Vaccinium corymbosum",50-NE,50,NE,42.295173,-71.12621128,10/20/2015,Good,,,,,,,,,,,,,,4.13,No
386-71*B,386-71,Ericaceae,Vaccinium,corymbosum,,Vaccinium corymbosum,Accepted name,"2009. Flora of North America. Magnoliophyta: Paeoniaceae to Ericaceae. http://www.efloras.org/volume_page.aspx?volume_id=1008&amp;flora_id=1 Oxford University Press. * Kloet, S.P.V. 1980. The Taxonomy of the Highbush Blueberry, Vaccinium Corymbosum. Canadian Journal of Botany 58:1187-1201. * New England Wild Flower Society, Haines, A. 2011. Flora Novae Angliae. A manual for identification of native and naturalized higher vascular plants of New England. Yale University Press, New Haven and London.",,"Vaccinium simulatum, Vaccinium virgatum var. tenellum, Vaccinium elliottii, Vaccinium virgatum, Vaccinium amoenum",Highbush Blueberry,Shrub,386-71,02-16-1971,Seed,"Vaccinium angustifolium nigrum, Vaccinium corymbosum",Vacc. corymbosum,,,From a cultivated plant of known (indirect) wild origin,XX,X,SA,"Montreal Botanical Garden, Montreal, Quebec, Canada",,,,,,,,07-01-1969,Canada,Quebec,,,,,,,,,,,Collected in natural local plantings.,,5-SW,5,SW,42.30571912,-71.12155379,9/19/2019,Good,,10/23/2008,,,,,1.98,M,,,,,"Michener, D., 01 Jan 1988, Vaccinium corymbosum, 3",1.3,No
529-2009*A,529-2009,Ericaceae,Vaccinium,corymbosum,,Vaccinium corymbosum,Accepted name,"2009. Flora of North America. Magnoliophyta: Paeoniaceae to Ericaceae. http://www.efloras.org/volume_page.aspx?volume_id=1008&amp;flora_id=1 Oxford University Press. * Kloet, S.P.V. 1980. The Taxonomy of the Highbush Blueberry, Vaccinium Corymbosum. Canadian Journal of Botany 58:1187-1201. * New England Wild Flower Society, Haines, A. 2011. Flora Novae Angliae. A manual for identification of native and naturalized higher vascular plants of New England. Yale University Press, New Haven and London.",,"Vaccinium simulatum, Vaccinium virgatum var. tenellum, Vaccinium elliottii, Vaccinium virgatum, Vaccinium amoenum",Highbush Blueberry,Shrub,529-2009,09-09-2009,Existing plant,Vaccinium corymbosum,Vacc. corymbosum,,,Information insufficient to determine provenance,,,,"Unknown via Arnold Arboretum, Jamaica Plain, MA, United States",,,,,,,,,,,,,,,,,,,,,,,11-SW,11,SW,42.30327357,-71.1211043,9/17/2019,Good,,,,,,,,,,,,,,1.15,No
530-2009*A,530-2009,Ericaceae,Vaccinium,corymbosum,,Vaccinium corymbosum,Accepted name,"2009. Flora of North America. Magnoliophyta: Paeoniaceae to Ericaceae. http://www.efloras.org/volume_page.aspx?volume_id=1008&amp;flora_id=1 Oxford University Press. * Kloet, S.P.V. 1980. The Taxonomy of the Highbush Blueberry, Vaccinium Corymbosum. Canadian Journal of Botany 58:1187-1201. * New England Wild Flower Society, Haines, A. 2011. Flora Novae Angliae. A manual for identification of native and naturalized higher vascular plants of New England. Yale University Press, New Haven and London.",,"Vaccinium simulatum, Vaccinium virgatum var. tenellum, Vaccinium elliottii, Vaccinium virgatum, Vaccinium amoenum",Highbush Blueberry,Shrub,530-2009,09-09-2009,Existing plant,Vaccinium corymbosum,Vacc. corymbosum,,,Information insufficient to determine provenance,,,,"Unknown via Arnold Arboretum, Jamaica Plain, MA, United States",,,,,,,,,,,,,,,,,,,,,,,11-SW,11,SW,42.30325355,-71.12108527,9/17/2019,Good,,,,,,,,,,,,,,1.15,No
285-2007*E,285-2007,Ericaceae,Vaccinium,corymbosum,,Vaccinium corymbosum,Accepted name,"2009. Flora of North America. Magnoliophyta: Paeoniaceae to Ericaceae. http://www.efloras.org/volume_page.aspx?volume_id=1008&amp;flora_id=1 Oxford University Press. * Kloet, S.P.V. 1980. The Taxonomy of the Highbush Blueberry, Vaccinium Corymbosum. Canadian Journal of Botany 58:1187-1201. * New England Wild Flower Society, Haines, A. 2011. Flora Novae Angliae. A manual for identification of native and naturalized higher vascular plants of New England. Yale University Press, New Haven and London.",,"Vaccinium simulatum, Vaccinium virgatum var. tenellum, Vaccinium elliottii, Vaccinium virgatum, Vaccinium amoenum",Highbush Blueberry,Shrub,285-2007,05-15-2007,Plant,Vaccinium corymbosum,Vacc. corymbosum,,,Collected directly from the wild; origin known,,,,"New England Wetland Plants, Inc., Amherst, MA, United States",,,,,,,,,United States,"Massachusetts, Amherst",,,,,,,,,,,,,8-NW,8,NW,42.30474282,-71.12165296,9/23/2019,Good,,9/23/2019,,,,,1.1,M,,,,,,1.3,No
657-2008*A,657-2008,Ericaceae,Vaccinium,corymbosum,,Vaccinium corymbosum,Accepted name,"2009. Flora of North America. Magnoliophyta: Paeoniaceae to Ericaceae. http://www.efloras.org/volume_page.aspx?volume_id=1008&amp;flora_id=1 Oxford University Press. * Kloet, S.P.V. 1980. The Taxonomy of the Highbush Blueberry, Vaccinium Corymbosum. Canadian Journal of Botany 58:1187-1201. * New England Wild Flower Society, Haines, A. 2011. Flora Novae Angliae. A manual for identification of native and naturalized higher vascular plants of New England. Yale University Press, New Haven and London.",,"Vaccinium simulatum, Vaccinium virgatum var. tenellum, Vaccinium elliottii, Vaccinium virgatum, Vaccinium amoenum",Highbush Blueberry,Shrub,657-2008,10-30-2008,Existing plant,Vaccinium corymbosum,Vacc. corymbosum,,,Information insufficient to determine provenance,XX,X,U,"Arnold Arboretum, Jamaica Plain, MA, United States",,,,,,,,,,,,,,,,,,,,,,,15-SE,15,SE,42.30216796,-71.12054823,8/6/2018,Good,,8/6/2018,,,,,4.5,M,C,5.5,M,C,,1.11,No
593-2008*B,593-2008,Adoxaceae,Viburnum,cassinoides,,Viburnum cassinoides,Accepted name,"Dirr, M.A. 2007. Viburnums. Flowering Shrubs for Every Season. Timber Press, Inc. * Kruessmann, G. 1986. Manual of Cultivated Broad-leaved Trees &amp; Shrubs. Vol. III. Portland, OR: Timber Press. 510 pp.",,,Withe-rod,Shrub,593-2008,10-16-2008,Seed,Viburnum cassinoides,V. cassinoides,,,Collected directly from the wild; origin known,SO,P,SA,DACK-08 Adirondack Expedition 2008,53,,,,,"Alexander, Jack; Collins, Dennis; Dosmann, Michael; Schneider, Stephen; Thibault, Tim",53,10-09-2008,United States,"New York, Franklin Co., Lake Clear",,"19. Camp Mac - Off McMaster Road and driveway to cabin, above McCauley Pond.",0,0,518,M,5?° E,Mesic woods. Growing in 0.5 shade.,Sandy loam with high organic matter.,"Multi-stemmed shrub to 3.0 m in height. Green to reddish, shiny leaves. Fruits range in color from white to blue-black.",,"Abies balsamea, Acer pensylvanicum, Acer rubrum, Acer spicatum, Alnus incana, Betula papyrifera, Betula populifolia, Fagus grandifolia, Pinus strobus, Tsuga canadensis, Viburnum cassinoides, Viburnum trilobum",19-NE,19,NE,42.30185115,-71.1249796,9/11/2019,Good,,10/5/2017,,,,,1,M,C,,,,,2.9,No
593-2008*A,593-2008,Adoxaceae,Viburnum,cassinoides,,Viburnum cassinoides,Accepted name,"Dirr, M.A. 2007. Viburnums. Flowering Shrubs for Every Season. Timber Press, Inc. * Kruessmann, G. 1986. Manual of Cultivated Broad-leaved Trees &amp; Shrubs. Vol. III. Portland, OR: Timber Press. 510 pp.",,,Withe-rod,Shrub,593-2008,10-16-2008,Seed,Viburnum cassinoides,V. cassinoides,,,Collected directly from the wild; origin known,SO,P,SA,DACK-08 Adirondack Expedition 2008,53,,,,,"Alexander, Jack; Collins, Dennis; Dosmann, Michael; Schneider, Stephen; Thibault, Tim",53,10-09-2008,United States,"New York, Franklin Co., Lake Clear",,"19. Camp Mac - Off McMaster Road and driveway to cabin, above McCauley Pond.",0,0,518,M,5?° E,Mesic woods. Growing in 0.5 shade.,Sandy loam with high organic matter.,"Multi-stemmed shrub to 3.0 m in height. Green to reddish, shiny leaves. Fruits range in color from white to blue-black.",,"Abies balsamea, Acer pensylvanicum, Acer rubrum, Acer spicatum, Alnus incana, Betula papyrifera, Betula populifolia, Fagus grandifolia, Pinus strobus, Tsuga canadensis, Viburnum cassinoides, Viburnum trilobum",19-NE,19,NE,42.30184831,-71.12501015,9/11/2019,Good,,10/5/2017,,,,,1.7,M,C,,,,,2.9,No
593-2008*C,593-2008,Adoxaceae,Viburnum,cassinoides,,Viburnum cassinoides,Accepted name,"Dirr, M.A. 2007. Viburnums. Flowering Shrubs for Every Season. Timber Press, Inc. * Kruessmann, G. 1986. Manual of Cultivated Broad-leaved Trees &amp; Shrubs. Vol. III. Portland, OR: Timber Press. 510 pp.",,,Withe-rod,Shrub,593-2008,10-16-2008,Seed,Viburnum cassinoides,V. cassinoides,,,Collected directly from the wild; origin known,SO,P,SA,DACK-08 Adirondack Expedition 2008,53,,,,,"Alexander, Jack; Collins, Dennis; Dosmann, Michael; Schneider, Stephen; Thibault, Tim",53,10-09-2008,United States,"New York, Franklin Co., Lake Clear",,"19. Camp Mac - Off McMaster Road and driveway to cabin, above McCauley Pond.",0,0,518,M,5?° E,Mesic woods. Growing in 0.5 shade.,Sandy loam with high organic matter.,"Multi-stemmed shrub to 3.0 m in height. Green to reddish, shiny leaves. Fruits range in color from white to blue-black.",,"Abies balsamea, Acer pensylvanicum, Acer rubrum, Acer spicatum, Alnus incana, Betula papyrifera, Betula populifolia, Fagus grandifolia, Pinus strobus, Tsuga canadensis, Viburnum cassinoides, Viburnum trilobum",19-NE,19,NE,42.30182962,-71.12498215,9/11/2019,Good,,10/5/2017,,,,,1.1,M,C,,,,,2.9,No
593-2008*D,593-2008,Adoxaceae,Viburnum,cassinoides,,Viburnum cassinoides,Accepted name,"Dirr, M.A. 2007. Viburnums. Flowering Shrubs for Every Season. Timber Press, Inc. * Kruessmann, G. 1986. Manual of Cultivated Broad-leaved Trees &amp; Shrubs. Vol. III. Portland, OR: Timber Press. 510 pp.",,,Withe-rod,Shrub,593-2008,10-16-2008,Seed,Viburnum cassinoides,V. cassinoides,,,Collected directly from the wild; origin known,SO,P,SA,DACK-08 Adirondack Expedition 2008,53,,,,,"Alexander, Jack; Collins, Dennis; Dosmann, Michael; Schneider, Stephen; Thibault, Tim",53,10-09-2008,United States,"New York, Franklin Co., Lake Clear",,"19. Camp Mac - Off McMaster Road and driveway to cabin, above McCauley Pond.",0,0,518,M,5?° E,Mesic woods. Growing in 0.5 shade.,Sandy loam with high organic matter.,"Multi-stemmed shrub to 3.0 m in height. Green to reddish, shiny leaves. Fruits range in color from white to blue-black.",,"Abies balsamea, Acer pensylvanicum, Acer rubrum, Acer spicatum, Alnus incana, Betula papyrifera, Betula populifolia, Fagus grandifolia, Pinus strobus, Tsuga canadensis, Viburnum cassinoides, Viburnum trilobum",19-NE,19,NE,42.30183491,-71.1249499,9/11/2019,Good,,10/5/2017,,,,,1.1,M,C,,,,,2.9,No
22947*C,22947,Hamamelidaceae,Hamamelis,virginiana,,Hamamelis virginiana,Accepted name,"Rehder, A. 1949. Bibliography of Cultivated Trees and Shrubs Hardy in the Cooler Temperate Regions of the Northern Hemisphere. Jamaica Plain, MA: Arnold Arboretum. 825 pp.",,Hamamelis macrophylla,Common Witch-hazel,Shrub,22947,07-01-1951,Unknown propagule type,Hamamelis virginiana,Ham. virg.,,,Information insufficient to determine provenance,XX,X,U,Unknown,,,,,,,,,,,,,,,,,,,,,,,25-SW,25,SW,42.29994906,-71.12512975,10/17/2017,Good,,10/17/2017,5.4,C,largest stem,,,,,,,,,2.7,No
493-2009*A,493-2009,Hamamelidaceae,Hamamelis,virginiana,,Hamamelis virginiana,Accepted name,"Rehder, A. 1949. Bibliography of Cultivated Trees and Shrubs Hardy in the Cooler Temperate Regions of the Northern Hemisphere. Jamaica Plain, MA: Arnold Arboretum. 825 pp.",,Hamamelis macrophylla,Common Witch-hazel,Shrub,493-2009,08-10-2009,Existing plant,Hamamelis virginiana,Ham. virg.,,,Information insufficient to determine provenance,,X,U,"Arnold Arboretum, Jamaica Plain, MA, United States",,,,,,,,,,,,,,,,,,,,,,,25-SW,25,SW,42.29979127,-71.12506756,10/17/2017,Good,,10/17/2017,7.6,C,largest stem,,,,,,,,,2.7,No
22947*B,22947,Hamamelidaceae,Hamamelis,virginiana,,Hamamelis virginiana,Accepted name,"Rehder, A. 1949. Bibliography of Cultivated Trees and Shrubs Hardy in the Cooler Temperate Regions of the Northern Hemisphere. Jamaica Plain, MA: Arnold Arboretum. 825 pp.",,Hamamelis macrophylla,Common Witch-hazel,Shrub,22947,07-01-1951,Unknown propagule type,Hamamelis virginiana,Ham. virg.,,,Information insufficient to determine provenance,XX,X,U,Unknown,,,,,,,,,,,,,,,,,,,,,,,25-SW,25,SW,42.30000187,-71.1252044,10/17/2017,Good,,10/17/2017,8.2,C,largest stem,,,,,,,,,2.7,No
14693*A,14693,Hamamelidaceae,Hamamelis,virginiana,,Hamamelis virginiana,Accepted name,"Rehder, A. 1949. Bibliography of Cultivated Trees and Shrubs Hardy in the Cooler Temperate Regions of the Northern Hemisphere. Jamaica Plain, MA: Arnold Arboretum. 825 pp.",,Hamamelis macrophylla,Common Witch-hazel,Shrub,14693,09-20-1883,Plant,"Hamamelis virginica, Hamamelis virginiana",Ham. virg.,,,Collected directly from the wild; origin known,S,X,I,"Mr. Jackson T. Dawson, Arnold Arboretum, Jamaica Plain, MA, United States",,,,,,"Dawson, J. T.",,,United States,"Massachusetts, Lenox",,,,,,,,,,,,,32-SW,32,SW,42.29867372,-71.12325239,10/18/2017,Good,,10/18/2017,7.4,C,largest stem,,3.2,M,C,,,,"Wood, Jordan T., 17 Oct 2014, Hamamelis virginiana, 2",2.7,No
14693*B,14693,Hamamelidaceae,Hamamelis,virginiana,,Hamamelis virginiana,Accepted name,"Rehder, A. 1949. Bibliography of Cultivated Trees and Shrubs Hardy in the Cooler Temperate Regions of the Northern Hemisphere. Jamaica Plain, MA: Arnold Arboretum. 825 pp.",,Hamamelis macrophylla,Common Witch-hazel,Shrub,14693,09-20-1883,Plant,"Hamamelis virginica, Hamamelis virginiana",Ham. virg.,,,Collected directly from the wild; origin known,S,X,I,"Mr. Jackson T. Dawson, Arnold Arboretum, Jamaica Plain, MA, United States",,,,,,"Dawson, J. T.",,,United States,"Massachusetts, Lenox",,,,,,,,,,,,,32-SW,32,SW,42.29865474,-71.12323151,10/18/2017,Good,,10/18/2017,9.2,C,largest stem,,4.2,M,C,,,,"Wood, Jordan T., 28 Oct 2014, Hamamelis virginiana, 2",2.7,No
14585*B,14585,Fagaceae,Fagus,grandifolia,,Fagus grandifolia,Accepted name,"Kruessmann, G. 1985. Manual of Cultivated Broad-leaved Trees &amp; Shrubs. Vol. II. Portland, OR: Timber Press. 445 pp.",,,American Beech,Tree,14585,10-15-1885,Plant,"Fagus ferruginea, F. atropunicea, F. americana",Fagus grandif.,,,Collected directly from the wild; origin known,,,,"Mr. Jackson T. Dawson, Arnold Arboretum, Jamaica Plain, MA, United States",,,,,,"Dawson, J. T.",,10-01-1885,United States,"Massachusetts, Jamaica Plain",,Bussey Woods,,,,,,,,,,,37-NW,37,NW,42.29840632,-71.12299131,4/13/2018,Alive,,10/19/2017,87.9,C,,,,,,,,,,2.6,No
22798*A,22798,Fagaceae,Fagus,grandifolia,,Fagus grandifolia,Accepted name,"Kruessmann, G. 1985. Manual of Cultivated Broad-leaved Trees &amp; Shrubs. Vol. II. Portland, OR: Timber Press. 445 pp.",,,American Beech,Tree,22798,07-01-1948,Existing plant,"Fagus sp., F. grandifolia",Fagus grandif.,,,Information insufficient to determine provenance,,,,Unknown,,,,,,,,,,,,,,,,,,,,,,,37-NW,37,NW,42.29846024,-71.12307393,4/15/2018,Alive,,10/19/2017,73.9,C,,,,,,,,,"Motoharu Okamoto, 01 Jan 1987, Fagus grandifolia, 3; Shen, Chung-Fu, 01 Jan 1991, Fagus grandifolia ssp. grandifolia, 2; Shen, Chung-Fu, 01 Jan 1991, Fagus grandifolia var. caroliniana, 2",2.6,No
