"Common_Name","phase","year","doy","id","Scientific_Names"
"yellow buckeye","leafout",2015,165,85751,"Aesculus flava"
"yellow buckeye","leafout",2015,165,85755,"Aesculus flava"
"yellow buckeye","leafout",2015,165,85756,"Aesculus flava"
"river birch","budburst",2015,142,86260,"Betula nigra"
"river birch","leafout",2015,313,86260,"Betula nigra"
"yellow buckeye","budburst",2016,105,85751,"Aesculus flava"
"yellow buckeye","leafout",2016,108,85751,"Aesculus flava"
"yellow buckeye","budburst",2016,111,85755,"Aesculus flava"
"yellow buckeye","leafout",2016,112,85755,"Aesculus flava"
"yellow buckeye","leafout",2016,148,85755,"Aesculus flava"
"yellow buckeye","budburst",2016,110,85756,"Aesculus flava"
"yellow buckeye","leafout",2016,112,85756,"Aesculus flava"
"yellow buckeye","leafout",2016,148,85756,"Aesculus flava"
"yellow buckeye","budburst",2016,114,85757,"Aesculus flava"
"yellow buckeye","leafout",2016,116,85757,"Aesculus flava"
"yellow buckeye","leafout",2016,130,85757,"Aesculus flava"
"yellow buckeye","leafout",2016,286,85757,"Aesculus flava"
"yellow buckeye","leafout",2016,297,85757,"Aesculus flava"
"yellow buckeye","budburst",2016,110,85758,"Aesculus flava"
"yellow buckeye","leafout",2016,112,85758,"Aesculus flava"
"yellow birch","budburst",2016,109,85759,"Betula alleghaniensis"
"yellow birch","budburst",2016,151,85759,"Betula alleghaniensis"
"yellow birch","leafout",2016,114,85759,"Betula alleghaniensis"
"yellow birch","leafout",2016,121,85759,"Betula alleghaniensis"
"yellow birch","leafout",2016,144,85759,"Betula alleghaniensis"
"yellow birch","leafout",2016,281,85759,"Betula alleghaniensis"
"yellow birch","leafout",2016,297,85759,"Betula alleghaniensis"
"yellow birch","budburst",2016,112,85761,"Betula alleghaniensis"
"yellow birch","leafout",2016,119,85761,"Betula alleghaniensis"
"yellow birch","leafout",2016,305,85761,"Betula alleghaniensis"
"yellow birch","budburst",2016,102,85762,"Betula alleghaniensis"
"yellow birch","leafout",2016,114,85762,"Betula alleghaniensis"
"yellow birch","leafout",2016,121,85762,"Betula alleghaniensis"
"yellow birch","leafout",2016,281,85762,"Betula alleghaniensis"
"yellow birch","leafout",2016,297,85762,"Betula alleghaniensis"
"yellow birch","budburst",2016,110,85763,"Betula alleghaniensis"
"yellow birch","budburst",2016,150,85763,"Betula alleghaniensis"
"yellow birch","leafout",2016,121,85763,"Betula alleghaniensis"
"yellow birch","leafout",2016,297,85763,"Betula alleghaniensis"
"yellow birch","budburst",2016,102,85764,"Betula alleghaniensis"
"yellow birch","budburst",2016,144,85764,"Betula alleghaniensis"
"yellow birch","leafout",2016,114,85764,"Betula alleghaniensis"
"yellow birch","leafout",2016,160,85764,"Betula alleghaniensis"
"yellow birch","leafout",2016,297,85764,"Betula alleghaniensis"
"river birch","budburst",2016,114,86258,"Betula nigra"
"river birch","budburst",2016,147,86258,"Betula nigra"
"river birch","leafout",2016,132,86258,"Betula nigra"
"river birch","leafout",2016,173,86258,"Betula nigra"
"river birch","leafout",2016,281,86258,"Betula nigra"
"river birch","leafout",2016,297,86258,"Betula nigra"
"river birch","budburst",2016,111,86259,"Betula nigra"
"river birch","budburst",2016,144,86259,"Betula nigra"
"river birch","budburst",2016,150,86259,"Betula nigra"
"river birch","budburst",2016,171,86259,"Betula nigra"
"river birch","leafout",2016,127,86259,"Betula nigra"
"river birch","leafout",2016,190,86259,"Betula nigra"
"river birch","leafout",2016,281,86259,"Betula nigra"
"river birch","leafout",2016,297,86259,"Betula nigra"
"river birch","budburst",2016,111,86260,"Betula nigra"
"river birch","budburst",2016,150,86260,"Betula nigra"
"river birch","budburst",2016,171,86260,"Betula nigra"
"river birch","budburst",2016,189,86260,"Betula nigra"
"river birch","leafout",2016,125,86260,"Betula nigra"
"river birch","leafout",2016,281,86260,"Betula nigra"
"river birch","leafout",2016,297,86260,"Betula nigra"
"river birch","budburst",2016,114,86261,"Betula nigra"
"river birch","budburst",2016,151,86261,"Betula nigra"
"river birch","budburst",2016,165,86261,"Betula nigra"
"river birch","leafout",2016,130,86261,"Betula nigra"
"river birch","leafout",2016,144,86261,"Betula nigra"
"river birch","leafout",2016,151,86261,"Betula nigra"
"river birch","leafout",2016,299,86261,"Betula nigra"
"pignut hickory","leafout",2016,143,86262,"Carya glabra"
"pignut hickory","budburst",2016,118,86263,"Carya glabra"
"pignut hickory","leafout",2016,118,86263,"Carya glabra"
"pignut hickory","budburst",2016,110,86264,"Carya glabra"
"pignut hickory","leafout",2016,118,86264,"Carya glabra"
"pignut hickory","budburst",2016,122,86265,"Carya glabra"
"pignut hickory","leafout",2016,122,86265,"Carya glabra"
"pignut hickory","budburst",2016,118,86266,"Carya glabra"
"pignut hickory","leafout",2016,122,86266,"Carya glabra"
"shagbark hickory","budburst",2016,130,86268,"Carya ovata"
"shagbark hickory","leafout",2016,131,86268,"Carya ovata"
"shagbark hickory","budburst",2016,130,86269,"Carya ovata"
"shagbark hickory","leafout",2016,132,86269,"Carya ovata"
"shagbark hickory","budburst",2016,110,86270,"Carya ovata"
"shagbark hickory","leafout",2016,127,86270,"Carya ovata"
"shagbark hickory","budburst",2016,130,86271,"Carya ovata"
"shagbark hickory","leafout",2016,132,86271,"Carya ovata"
"shagbark hickory","budburst",2016,125,86272,"Carya ovata"
"shagbark hickory","leafout",2016,132,86272,"Carya ovata"
"American beech","budburst",2016,101,86273,"Fagus grandifolia"
"American beech","leafout",2016,115,86273,"Fagus grandifolia"
"American beech","budburst",2016,115,86274,"Fagus grandifolia"
"American beech","leafout",2016,115,86274,"Fagus grandifolia"
"American beech","budburst",2016,101,86275,"Fagus grandifolia"
"American beech","leafout",2016,115,86275,"Fagus grandifolia"
"American beech","budburst",2016,115,86276,"Fagus grandifolia"
"American beech","leafout",2016,118,86276,"Fagus grandifolia"
"American beech","budburst",2016,108,86277,"Fagus grandifolia"
"American beech","leafout",2016,115,86277,"Fagus grandifolia"
"eastern cottonwood","budburst",2016,110,86278,"Populus deltoides"
"eastern cottonwood","budburst",2016,122,86278,"Populus deltoides"
"eastern cottonwood","leafout",2016,136,86278,"Populus deltoides"
"eastern cottonwood","leafout",2016,284,86278,"Populus deltoides"
"eastern cottonwood","leafout",2016,297,86278,"Populus deltoides"
"eastern cottonwood","leafout",2016,136,86279,"Populus deltoides"
"eastern cottonwood","leafout",2016,284,86279,"Populus deltoides"
"eastern cottonwood","leafout",2016,297,86279,"Populus deltoides"
"eastern cottonwood","leafout",2016,311,86279,"Populus deltoides"
"eastern cottonwood","budburst",2016,122,86280,"Populus deltoides"
"eastern cottonwood","leafout",2016,136,86280,"Populus deltoides"
"eastern cottonwood","leafout",2016,284,86280,"Populus deltoides"
"eastern cottonwood","leafout",2016,297,86280,"Populus deltoides"
"eastern cottonwood","leafout",2016,311,86280,"Populus deltoides"
"eastern cottonwood","leafout",2016,133,86281,"Populus deltoides"
"eastern cottonwood","leafout",2016,262,86281,"Populus deltoides"
"eastern cottonwood","leafout",2016,297,86281,"Populus deltoides"
"eastern cottonwood","leafout",2016,311,86281,"Populus deltoides"
"eastern cottonwood","budburst",2016,127,86282,"Populus deltoides"
"eastern cottonwood","leafout",2016,133,86282,"Populus deltoides"
"eastern cottonwood","leafout",2016,262,86282,"Populus deltoides"
"eastern cottonwood","leafout",2016,284,86282,"Populus deltoides"
"eastern cottonwood","leafout",2016,297,86282,"Populus deltoides"
"eastern cottonwood","leafout",2016,311,86282,"Populus deltoides"
"northern red oak","budburst",2016,115,86285,"Quercus rubra"
"northern red oak","leafout",2016,282,86285,"Quercus rubra"
"northern red oak","budburst",2016,127,86286,"Quercus rubra"
"northern red oak","leafout",2016,282,86286,"Quercus rubra"
"northern red oak","budburst",2016,115,86287,"Quercus rubra"
"northern red oak","leafout",2016,127,86287,"Quercus rubra"
"northern red oak","leafout",2016,282,86287,"Quercus rubra"
"northern red oak","budburst",2016,115,86288,"Quercus rubra"
"northern red oak","leafout",2016,130,86288,"Quercus rubra"
"northern red oak","leafout",2016,282,86288,"Quercus rubra"
"American basswood","budburst",2016,94,86289,"Tilia americana"
"American basswood","budburst",2016,110,86289,"Tilia americana"
"American basswood","budburst",2016,153,86289,"Tilia americana"
"American basswood","leafout",2016,118,86289,"Tilia americana"
"American basswood","leafout",2016,129,86289,"Tilia americana"
"American basswood","leafout",2016,141,86289,"Tilia americana"
"American basswood","leafout",2016,152,86289,"Tilia americana"
"American basswood","leafout",2016,201,86289,"Tilia americana"
"American basswood","leafout",2016,284,86289,"Tilia americana"
"American basswood","leafout",2016,297,86289,"Tilia americana"
"American basswood","budburst",2016,111,86290,"Tilia americana"
"American basswood","leafout",2016,115,86290,"Tilia americana"
"river birch","budburst",2016,112,87754,"Betula nigra"
"river birch","budburst",2016,144,87754,"Betula nigra"
"river birch","budburst",2016,171,87754,"Betula nigra"
"river birch","budburst",2016,194,87754,"Betula nigra"
"river birch","leafout",2016,130,87754,"Betula nigra"
"river birch","leafout",2016,160,87754,"Betula nigra"
"river birch","leafout",2016,281,87754,"Betula nigra"
"river birch","leafout",2016,297,87754,"Betula nigra"
"white oak","budburst",2016,115,87756,"Quercus alba"
"white oak","leafout",2016,133,87756,"Quercus alba"
"white oak","leafout",2016,284,87756,"Quercus alba"
"white oak","leafout",2016,297,87756,"Quercus alba"
"American basswood","budburst",2016,94,87757,"Tilia americana"
"American basswood","budburst",2016,110,87757,"Tilia americana"
"American basswood","budburst",2016,129,87757,"Tilia americana"
"American basswood","budburst",2016,154,87757,"Tilia americana"
"American basswood","leafout",2016,118,87757,"Tilia americana"
"American basswood","leafout",2016,123,87757,"Tilia americana"
"American basswood","leafout",2016,130,87757,"Tilia americana"
"American basswood","leafout",2016,141,87757,"Tilia americana"
"American basswood","leafout",2016,152,87757,"Tilia americana"
"American basswood","leafout",2016,201,87757,"Tilia americana"
"American basswood","leafout",2016,286,87757,"Tilia americana"
"American basswood","leafout",2016,297,87757,"Tilia americana"
"white oak","budburst",2016,115,87758,"Quercus alba"
"white oak","leafout",2016,282,87758,"Quercus alba"
"white oak","leafout",2016,282,87759,"Quercus alba"
"northern red oak","budburst",2016,115,87760,"Quercus rubra"
"northern red oak","leafout",2016,127,87760,"Quercus rubra"
"northern red oak","leafout",2016,282,87760,"Quercus rubra"
"white oak","budburst",2016,115,87761,"Quercus alba"
"white oak","leafout",2016,282,87761,"Quercus alba"
"American basswood","budburst",2016,111,87762,"Tilia americana"
"American basswood","leafout",2016,115,87762,"Tilia americana"
"American basswood","budburst",2016,105,87763,"Tilia americana"
"American basswood","leafout",2016,115,87763,"Tilia americana"
"white oak","budburst",2016,115,88311,"Quercus alba"
"white oak","leafout",2016,282,88311,"Quercus alba"
"sugar maple","budburst",2016,130,92203,"Acer saccharum"
"sugar maple","leafout",2016,133,92203,"Acer saccharum"
"sugar maple","budburst",2016,109,92204,"Acer saccharum"
"sugar maple","leafout",2016,112,92204,"Acer saccharum"
"sugar maple","leafout",2016,118,92204,"Acer saccharum"
"sugar maple","leafout",2016,144,92204,"Acer saccharum"
"sugar maple","budburst",2016,115,92206,"Acer saccharum"
"sugar maple","leafout",2016,117,92206,"Acer saccharum"
"sugar maple","budburst",2016,121,92208,"Acer saccharum"
"sugar maple","budburst",2016,132,92208,"Acer saccharum"
"sugar maple","leafout",2016,130,92208,"Acer saccharum"
"sugar maple","leafout",2016,172,92208,"Acer saccharum"
"sugar maple","budburst",2016,116,92209,"Acer saccharum"
"sugar maple","leafout",2016,130,92209,"Acer saccharum"
"sugar maple","leafout",2016,284,92209,"Acer saccharum"
"sugar maple","leafout",2016,297,92209,"Acer saccharum"
"yellow buckeye","budburst",2017,108,85751,"Aesculus flava"
"yellow buckeye","leafout",2017,108,85751,"Aesculus flava"
"yellow buckeye","budburst",2017,108,85755,"Aesculus flava"
"yellow buckeye","leafout",2017,108,85755,"Aesculus flava"
"yellow buckeye","budburst",2017,108,85756,"Aesculus flava"
"yellow buckeye","leafout",2017,108,85756,"Aesculus flava"
"yellow buckeye","budburst",2017,107,85757,"Aesculus flava"
"yellow buckeye","leafout",2017,114,85757,"Aesculus flava"
"yellow buckeye","leafout",2017,126,85757,"Aesculus flava"
"yellow buckeye","budburst",2017,101,85758,"Aesculus flava"
"yellow buckeye","budburst",2017,108,85758,"Aesculus flava"
"yellow buckeye","leafout",2017,108,85758,"Aesculus flava"
"yellow birch","budburst",2017,102,85759,"Betula alleghaniensis"
"yellow birch","budburst",2017,110,85759,"Betula alleghaniensis"
"yellow birch","budburst",2017,125,85759,"Betula alleghaniensis"
"yellow birch","budburst",2017,133,85759,"Betula alleghaniensis"
"yellow birch","budburst",2017,167,85759,"Betula alleghaniensis"
"yellow birch","leafout",2017,117,85759,"Betula alleghaniensis"
"yellow birch","leafout",2017,289,85759,"Betula alleghaniensis"
"yellow birch","budburst",2017,102,85761,"Betula alleghaniensis"
"yellow birch","budburst",2017,118,85761,"Betula alleghaniensis"
"yellow birch","leafout",2017,118,85761,"Betula alleghaniensis"
"yellow birch","budburst",2017,102,85762,"Betula alleghaniensis"
"yellow birch","budburst",2017,120,85762,"Betula alleghaniensis"
"yellow birch","budburst",2017,133,85762,"Betula alleghaniensis"
"yellow birch","leafout",2017,117,85762,"Betula alleghaniensis"
"yellow birch","budburst",2017,102,85763,"Betula alleghaniensis"
"yellow birch","leafout",2017,117,85763,"Betula alleghaniensis"
"yellow birch","leafout",2017,274,85763,"Betula alleghaniensis"
"yellow birch","budburst",2017,102,85764,"Betula alleghaniensis"
"yellow birch","budburst",2017,139,85764,"Betula alleghaniensis"
"yellow birch","leafout",2017,117,85764,"Betula alleghaniensis"
"river birch","budburst",2017,100,86258,"Betula nigra"
"river birch","budburst",2017,118,86258,"Betula nigra"
"river birch","leafout",2017,118,86258,"Betula nigra"
"river birch","leafout",2017,209,86258,"Betula nigra"
"river birch","leafout",2017,286,86258,"Betula nigra"
"river birch","budburst",2017,100,86259,"Betula nigra"
"river birch","budburst",2017,125,86259,"Betula nigra"
"river birch","budburst",2017,170,86259,"Betula nigra"
"river birch","budburst",2017,188,86259,"Betula nigra"
"river birch","leafout",2017,108,86259,"Betula nigra"
"river birch","leafout",2017,117,86259,"Betula nigra"
"river birch","budburst",2017,101,86260,"Betula nigra"
"river birch","budburst",2017,110,86260,"Betula nigra"
"river birch","budburst",2017,139,86260,"Betula nigra"
"river birch","budburst",2017,152,86260,"Betula nigra"
"river birch","budburst",2017,173,86260,"Betula nigra"
"river birch","leafout",2017,117,86260,"Betula nigra"
"river birch","leafout",2017,225,86260,"Betula nigra"
"river birch","budburst",2017,100,86261,"Betula nigra"
"river birch","budburst",2017,118,86261,"Betula nigra"
"river birch","leafout",2017,118,86261,"Betula nigra"
"pignut hickory","budburst",2017,118,86262,"Carya glabra"
"pignut hickory","leafout",2017,120,86262,"Carya glabra"
"pignut hickory","leafout",2017,209,86262,"Carya glabra"
"pignut hickory","budburst",2017,110,86263,"Carya glabra"
"pignut hickory","leafout",2017,118,86263,"Carya glabra"
"pignut hickory","leafout",2017,272,86263,"Carya glabra"
"pignut hickory","budburst",2017,100,86264,"Carya glabra"
"pignut hickory","leafout",2017,114,86264,"Carya glabra"
"pignut hickory","leafout",2017,141,86264,"Carya glabra"
"pignut hickory","leafout",2017,209,86264,"Carya glabra"
"pignut hickory","leafout",2017,284,86264,"Carya glabra"
"pignut hickory","budburst",2017,100,86265,"Carya glabra"
"pignut hickory","budburst",2017,114,86265,"Carya glabra"
"pignut hickory","leafout",2017,118,86265,"Carya glabra"
"pignut hickory","leafout",2017,272,86265,"Carya glabra"
"pignut hickory","budburst",2017,100,86266,"Carya glabra"
"pignut hickory","budburst",2017,110,86266,"Carya glabra"
"pignut hickory","leafout",2017,117,86266,"Carya glabra"
"pignut hickory","leafout",2017,272,86266,"Carya glabra"
"shagbark hickory","budburst",2017,105,86268,"Carya ovata"
"shagbark hickory","leafout",2017,118,86268,"Carya ovata"
"shagbark hickory","budburst",2017,105,86269,"Carya ovata"
"shagbark hickory","budburst",2017,129,86269,"Carya ovata"
"shagbark hickory","leafout",2017,118,86269,"Carya ovata"
"shagbark hickory","budburst",2017,105,86270,"Carya ovata"
"shagbark hickory","budburst",2017,136,86270,"Carya ovata"
"shagbark hickory","leafout",2017,117,86270,"Carya ovata"
"shagbark hickory","leafout",2017,314,86270,"Carya ovata"
"shagbark hickory","budburst",2017,105,86271,"Carya ovata"
"shagbark hickory","budburst",2017,129,86271,"Carya ovata"
"shagbark hickory","leafout",2017,118,86271,"Carya ovata"
"shagbark hickory","leafout",2017,183,86271,"Carya ovata"
"shagbark hickory","budburst",2017,112,86272,"Carya ovata"
"shagbark hickory","budburst",2017,118,86272,"Carya ovata"
"shagbark hickory","leafout",2017,118,86272,"Carya ovata"
"shagbark hickory","leafout",2017,290,86272,"Carya ovata"
"American beech","budburst",2017,109,86273,"Fagus grandifolia"
"American beech","leafout",2017,113,86273,"Fagus grandifolia"
"American beech","budburst",2017,108,86274,"Fagus grandifolia"
"American beech","leafout",2017,117,86274,"Fagus grandifolia"
"American beech","leafout",2017,159,86274,"Fagus grandifolia"
"American beech","budburst",2017,103,86275,"Fagus grandifolia"
"American beech","leafout",2017,112,86275,"Fagus grandifolia"
"American beech","budburst",2017,108,86276,"Fagus grandifolia"
"American beech","leafout",2017,117,86276,"Fagus grandifolia"
"eastern cottonwood","budburst",2017,107,86278,"Populus deltoides"
"eastern cottonwood","leafout",2017,124,86278,"Populus deltoides"
"eastern cottonwood","budburst",2017,107,86279,"Populus deltoides"
"eastern cottonwood","leafout",2017,124,86279,"Populus deltoides"
"eastern cottonwood","budburst",2017,107,86280,"Populus deltoides"
"eastern cottonwood","leafout",2017,124,86280,"Populus deltoides"
"eastern cottonwood","budburst",2017,107,86281,"Populus deltoides"
"eastern cottonwood","leafout",2017,124,86281,"Populus deltoides"
"eastern cottonwood","budburst",2017,102,86282,"Populus deltoides"
"eastern cottonwood","leafout",2017,120,86282,"Populus deltoides"
"eastern cottonwood","leafout",2017,147,86282,"Populus deltoides"
"northern red oak","budburst",2017,117,86285,"Quercus rubra"
"northern red oak","leafout",2017,118,86285,"Quercus rubra"
"northern red oak","leafout",2017,191,86285,"Quercus rubra"
"northern red oak","budburst",2017,119,86286,"Quercus rubra"
"northern red oak","leafout",2017,124,86286,"Quercus rubra"
"northern red oak","leafout",2017,272,86286,"Quercus rubra"
"northern red oak","budburst",2017,110,86287,"Quercus rubra"
"northern red oak","leafout",2017,113,86287,"Quercus rubra"
"northern red oak","budburst",2017,110,86288,"Quercus rubra"
"northern red oak","leafout",2017,119,86288,"Quercus rubra"
"northern red oak","leafout",2017,272,86288,"Quercus rubra"
"American basswood","budburst",2017,98,86289,"Tilia americana"
"American basswood","budburst",2017,102,86289,"Tilia americana"
"American basswood","budburst",2017,107,86289,"Tilia americana"
"American basswood","leafout",2017,107,86289,"Tilia americana"
"American basswood","budburst",2017,107,86290,"Tilia americana"
"American basswood","leafout",2017,113,86290,"Tilia americana"
"river birch","budburst",2017,101,87754,"Betula nigra"
"river birch","budburst",2017,133,87754,"Betula nigra"
"river birch","leafout",2017,118,87754,"Betula nigra"
"river birch","leafout",2017,280,87754,"Betula nigra"
"white oak","budburst",2017,117,87756,"Quercus alba"
"white oak","leafout",2017,120,87756,"Quercus alba"
"American basswood","budburst",2017,109,87757,"Tilia americana"
"American basswood","leafout",2017,116,87757,"Tilia americana"
"white oak","budburst",2017,118,87758,"Quercus alba"
"white oak","leafout",2017,119,87758,"Quercus alba"
"white oak","leafout",2017,277,87758,"Quercus alba"
"white oak","budburst",2017,110,87759,"Quercus alba"
"white oak","leafout",2017,124,87759,"Quercus alba"
"white oak","leafout",2017,272,87759,"Quercus alba"
"northern red oak","budburst",2017,110,87760,"Quercus rubra"
"northern red oak","budburst",2017,121,87760,"Quercus rubra"
"northern red oak","leafout",2017,117,87760,"Quercus rubra"
"white oak","budburst",2017,117,87761,"Quercus alba"
"white oak","leafout",2017,124,87761,"Quercus alba"
"American basswood","budburst",2017,101,87762,"Tilia americana"
"American basswood","budburst",2017,107,87762,"Tilia americana"
"American basswood","leafout",2017,107,87762,"Tilia americana"
"American basswood","budburst",2017,106,87763,"Tilia americana"
"American basswood","leafout",2017,107,87763,"Tilia americana"
"white oak","budburst",2017,110,88311,"Quercus alba"
"white oak","leafout",2017,119,88311,"Quercus alba"
"sugar maple","budburst",2017,127,92203,"Acer saccharum"
"sugar maple","leafout",2017,131,92203,"Acer saccharum"
"sugar maple","leafout",2017,209,92203,"Acer saccharum"
"sugar maple","budburst",2017,101,92204,"Acer saccharum"
"sugar maple","leafout",2017,108,92204,"Acer saccharum"
"sugar maple","leafout",2017,209,92204,"Acer saccharum"
"sugar maple","budburst",2017,107,92206,"Acer saccharum"
"sugar maple","leafout",2017,113,92206,"Acer saccharum"
"sugar maple","leafout",2017,273,92206,"Acer saccharum"
"sugar maple","budburst",2017,101,92208,"Acer saccharum"
"sugar maple","leafout",2017,113,92208,"Acer saccharum"
"sugar maple","leafout",2017,273,92208,"Acer saccharum"
"sugar maple","budburst",2017,102,92209,"Acer saccharum"
"sugar maple","budburst",2017,117,92209,"Acer saccharum"
"sugar maple","leafout",2017,108,92209,"Acer saccharum"
"sugar maple","leafout",2017,113,92209,"Acer saccharum"
"American beech","leafout",2017,110,135343,"Fagus grandifolia"
"American beech","budburst",2017,109,135911,"Fagus grandifolia"
"American beech","leafout",2017,113,135911,"Fagus grandifolia"
"yellow buckeye","budburst",2018,117,85751,"Aesculus flava"
"yellow buckeye","leafout",2018,122,85751,"Aesculus flava"
"yellow buckeye","budburst",2018,114,85755,"Aesculus flava"
"yellow buckeye","leafout",2018,117,85755,"Aesculus flava"
"yellow buckeye","budburst",2018,114,85756,"Aesculus flava"
"yellow buckeye","leafout",2018,117,85756,"Aesculus flava"
"yellow buckeye","budburst",2018,116,85757,"Aesculus flava"
"yellow buckeye","leafout",2018,117,85757,"Aesculus flava"
"yellow buckeye","budburst",2018,112,85758,"Aesculus flava"
"yellow buckeye","leafout",2018,116,85758,"Aesculus flava"
"yellow birch","budburst",2018,118,85759,"Betula alleghaniensis"
"yellow birch","leafout",2018,122,85759,"Betula alleghaniensis"
"yellow birch","budburst",2018,114,85761,"Betula alleghaniensis"
"yellow birch","leafout",2018,123,85761,"Betula alleghaniensis"
"yellow birch","budburst",2018,114,85762,"Betula alleghaniensis"
"yellow birch","leafout",2018,122,85762,"Betula alleghaniensis"
"yellow birch","budburst",2018,118,85763,"Betula alleghaniensis"
"yellow birch","leafout",2018,122,85763,"Betula alleghaniensis"
"yellow birch","budburst",2018,114,85764,"Betula alleghaniensis"
"yellow birch","budburst",2018,136,85764,"Betula alleghaniensis"
"yellow birch","leafout",2018,121,85764,"Betula alleghaniensis"
"river birch","budburst",2018,125,86258,"Betula nigra"
"river birch","leafout",2018,125,86258,"Betula nigra"
"river birch","leafout",2018,272,86258,"Betula nigra"
"river birch","budburst",2018,118,86259,"Betula nigra"
"river birch","budburst",2018,134,86259,"Betula nigra"
"river birch","budburst",2018,142,86259,"Betula nigra"
"river birch","leafout",2018,125,86259,"Betula nigra"
"river birch","leafout",2018,272,86259,"Betula nigra"
"river birch","leafout",2018,320,86259,"Betula nigra"
"river birch","budburst",2018,118,86260,"Betula nigra"
"river birch","budburst",2018,134,86260,"Betula nigra"
"river birch","budburst",2018,148,86260,"Betula nigra"
"river birch","budburst",2018,156,86260,"Betula nigra"
"river birch","leafout",2018,122,86260,"Betula nigra"
"river birch","budburst",2018,122,86261,"Betula nigra"
"river birch","leafout",2018,122,86261,"Betula nigra"
"pignut hickory","budburst",2018,123,86262,"Carya glabra"
"pignut hickory","leafout",2018,126,86262,"Carya glabra"
"pignut hickory","leafout",2018,320,86262,"Carya glabra"
"pignut hickory","budburst",2018,118,86263,"Carya glabra"
"pignut hickory","leafout",2018,122,86263,"Carya glabra"
"pignut hickory","budburst",2018,119,86264,"Carya glabra"
"pignut hickory","leafout",2018,122,86264,"Carya glabra"
"pignut hickory","leafout",2018,123,86265,"Carya glabra"
"pignut hickory","budburst",2018,118,86266,"Carya glabra"
"pignut hickory","leafout",2018,122,86266,"Carya glabra"
"shagbark hickory","budburst",2018,118,86268,"Carya ovata"
"shagbark hickory","leafout",2018,125,86268,"Carya ovata"
"shagbark hickory","leafout",2018,259,86268,"Carya ovata"
"shagbark hickory","budburst",2018,118,86269,"Carya ovata"
"shagbark hickory","leafout",2018,125,86269,"Carya ovata"
"shagbark hickory","budburst",2018,122,86270,"Carya ovata"
"shagbark hickory","leafout",2018,125,86270,"Carya ovata"
"shagbark hickory","budburst",2018,118,86271,"Carya ovata"
"shagbark hickory","leafout",2018,125,86271,"Carya ovata"
"shagbark hickory","budburst",2018,118,86272,"Carya ovata"
"shagbark hickory","leafout",2018,125,86272,"Carya ovata"
"American beech","leafout",2018,126,86274,"Fagus grandifolia"
"American beech","budburst",2018,121,86275,"Fagus grandifolia"
"American beech","leafout",2018,122,86275,"Fagus grandifolia"
"American beech","leafout",2018,123,86276,"Fagus grandifolia"
"eastern cottonwood","budburst",2018,117,86278,"Populus deltoides"
"eastern cottonwood","leafout",2018,124,86278,"Populus deltoides"
"eastern cottonwood","budburst",2018,117,86279,"Populus deltoides"
"eastern cottonwood","leafout",2018,124,86279,"Populus deltoides"
"eastern cottonwood","budburst",2018,117,86280,"Populus deltoides"
"eastern cottonwood","leafout",2018,129,86280,"Populus deltoides"
"eastern cottonwood","budburst",2018,117,86281,"Populus deltoides"
"eastern cottonwood","leafout",2018,124,86281,"Populus deltoides"
"eastern cottonwood","budburst",2018,117,86282,"Populus deltoides"
"eastern cottonwood","budburst",2018,124,86282,"Populus deltoides"
"eastern cottonwood","leafout",2018,118,86282,"Populus deltoides"
"eastern cottonwood","leafout",2018,276,86282,"Populus deltoides"
"northern red oak","budburst",2018,122,86285,"Quercus rubra"
"northern red oak","leafout",2018,122,86285,"Quercus rubra"
"northern red oak","budburst",2018,122,86286,"Quercus rubra"
"northern red oak","leafout",2018,125,86286,"Quercus rubra"
"northern red oak","budburst",2018,118,86287,"Quercus rubra"
"northern red oak","leafout",2018,122,86287,"Quercus rubra"
"northern red oak","budburst",2018,122,86288,"Quercus rubra"
"northern red oak","leafout",2018,123,86288,"Quercus rubra"
"American basswood","budburst",2018,121,86289,"Tilia americana"
"American basswood","leafout",2018,122,86289,"Tilia americana"
"American basswood","budburst",2018,118,86290,"Tilia americana"
"American basswood","leafout",2018,121,86290,"Tilia americana"
"river birch","budburst",2018,122,87754,"Betula nigra"
"river birch","leafout",2018,125,87754,"Betula nigra"
"river birch","leafout",2018,272,87754,"Betula nigra"
"white oak","leafout",2018,124,87756,"Quercus alba"
"American basswood","budburst",2018,123,87757,"Tilia americana"
"American basswood","leafout",2018,124,87757,"Tilia americana"
"white oak","leafout",2018,126,87758,"Quercus alba"
"white oak","leafout",2018,126,87759,"Quercus alba"
"northern red oak","budburst",2018,122,87760,"Quercus rubra"
"northern red oak","leafout",2018,122,87760,"Quercus rubra"
"white oak","budburst",2018,122,87761,"Quercus alba"
"white oak","leafout",2018,123,87761,"Quercus alba"
"American basswood","budburst",2018,117,87762,"Tilia americana"
"American basswood","leafout",2018,122,87762,"Tilia americana"
"American basswood","leafout",2018,282,87762,"Tilia americana"
"American basswood","budburst",2018,118,87763,"Tilia americana"
"American basswood","leafout",2018,122,87763,"Tilia americana"
"American basswood","leafout",2018,282,87763,"Tilia americana"
"white oak","budburst",2018,128,88311,"Quercus alba"
"white oak","leafout",2018,123,88311,"Quercus alba"
"sugar maple","budburst",2018,125,92203,"Acer saccharum"
"sugar maple","leafout",2018,127,92203,"Acer saccharum"
"sugar maple","leafout",2018,285,92203,"Acer saccharum"
"sugar maple","leafout",2018,125,92204,"Acer saccharum"
"sugar maple","leafout",2018,132,92206,"Acer saccharum"
"sugar maple","leafout",2018,132,92208,"Acer saccharum"
"sugar maple","leafout",2018,122,92209,"Acer saccharum"
"yellow buckeye","leafout",2019,111,85751,"Aesculus flava"
"yellow buckeye","leafout",2019,278,85751,"Aesculus flava"
"yellow buckeye","leafout",2019,115,85755,"Aesculus flava"
"yellow buckeye","leafout",2019,124,85756,"Aesculus flava"
"yellow buckeye","budburst",2019,104,85757,"Aesculus flava"
"yellow buckeye","budburst",2019,209,85757,"Aesculus flava"
"yellow buckeye","leafout",2019,109,85757,"Aesculus flava"
"yellow buckeye","leafout",2019,248,85757,"Aesculus flava"
"yellow buckeye","leafout",2019,297,85757,"Aesculus flava"
"yellow buckeye","budburst",2019,107,85758,"Aesculus flava"
"yellow buckeye","leafout",2019,107,85758,"Aesculus flava"
"yellow buckeye","leafout",2019,278,85758,"Aesculus flava"
"yellow birch","budburst",2019,107,85759,"Betula alleghaniensis"
"yellow birch","budburst",2019,135,85759,"Betula alleghaniensis"
"yellow birch","budburst",2019,155,85759,"Betula alleghaniensis"
"yellow birch","leafout",2019,114,85759,"Betula alleghaniensis"
"yellow birch","leafout",2019,122,85759,"Betula alleghaniensis"
"yellow birch","leafout",2019,249,85759,"Betula alleghaniensis"
"yellow birch","leafout",2019,277,85759,"Betula alleghaniensis"
"yellow birch","leafout",2019,294,85759,"Betula alleghaniensis"
"yellow birch","budburst",2019,107,85761,"Betula alleghaniensis"
"yellow birch","budburst",2019,129,85761,"Betula alleghaniensis"
"yellow birch","leafout",2019,122,85761,"Betula alleghaniensis"
"yellow birch","leafout",2019,249,85761,"Betula alleghaniensis"
"yellow birch","leafout",2019,277,85761,"Betula alleghaniensis"
"yellow birch","leafout",2019,294,85761,"Betula alleghaniensis"
"yellow birch","budburst",2019,107,85762,"Betula alleghaniensis"
"yellow birch","budburst",2019,129,85762,"Betula alleghaniensis"
"yellow birch","leafout",2019,110,85762,"Betula alleghaniensis"
"yellow birch","leafout",2019,185,85762,"Betula alleghaniensis"
"yellow birch","leafout",2019,249,85762,"Betula alleghaniensis"
"yellow birch","leafout",2019,277,85762,"Betula alleghaniensis"
"yellow birch","leafout",2019,294,85762,"Betula alleghaniensis"
"yellow birch","budburst",2019,112,85763,"Betula alleghaniensis"
"yellow birch","leafout",2019,122,85763,"Betula alleghaniensis"
"yellow birch","leafout",2019,249,85763,"Betula alleghaniensis"
"yellow birch","leafout",2019,258,85763,"Betula alleghaniensis"
"yellow birch","leafout",2019,277,85763,"Betula alleghaniensis"
"yellow birch","leafout",2019,294,85763,"Betula alleghaniensis"
"yellow birch","budburst",2019,106,85764,"Betula alleghaniensis"
"yellow birch","budburst",2019,155,85764,"Betula alleghaniensis"
"yellow birch","leafout",2019,110,85764,"Betula alleghaniensis"
"yellow birch","leafout",2019,265,85764,"Betula alleghaniensis"
"yellow birch","leafout",2019,277,85764,"Betula alleghaniensis"
"yellow birch","leafout",2019,294,85764,"Betula alleghaniensis"
"river birch","budburst",2019,112,86258,"Betula nigra"
"river birch","budburst",2019,122,86258,"Betula nigra"
"river birch","leafout",2019,126,86258,"Betula nigra"
"river birch","leafout",2019,249,86258,"Betula nigra"
"river birch","leafout",2019,277,86258,"Betula nigra"
"river birch","leafout",2019,294,86258,"Betula nigra"
"river birch","budburst",2019,107,86259,"Betula nigra"
"river birch","budburst",2019,126,86259,"Betula nigra"
"river birch","budburst",2019,142,86259,"Betula nigra"
"river birch","budburst",2019,155,86259,"Betula nigra"
"river birch","leafout",2019,122,86259,"Betula nigra"
"river birch","leafout",2019,249,86259,"Betula nigra"
"river birch","leafout",2019,277,86259,"Betula nigra"
"river birch","leafout",2019,294,86259,"Betula nigra"
"river birch","budburst",2019,107,86260,"Betula nigra"
"river birch","budburst",2019,142,86260,"Betula nigra"
"river birch","budburst",2019,155,86260,"Betula nigra"
"river birch","leafout",2019,122,86260,"Betula nigra"
"river birch","leafout",2019,237,86260,"Betula nigra"
"river birch","leafout",2019,249,86260,"Betula nigra"
"river birch","leafout",2019,277,86260,"Betula nigra"
"river birch","leafout",2019,294,86260,"Betula nigra"
"river birch","budburst",2019,111,86261,"Betula nigra"
"river birch","leafout",2019,126,86261,"Betula nigra"
"river birch","leafout",2019,132,86261,"Betula nigra"
"river birch","leafout",2019,249,86261,"Betula nigra"
"river birch","leafout",2019,277,86261,"Betula nigra"
"river birch","leafout",2019,294,86261,"Betula nigra"
"pignut hickory","budburst",2019,111,86262,"Carya glabra"
"pignut hickory","leafout",2019,124,86262,"Carya glabra"
"pignut hickory","budburst",2019,108,86263,"Carya glabra"
"pignut hickory","leafout",2019,111,86263,"Carya glabra"
"pignut hickory","budburst",2019,108,86264,"Carya glabra"
"pignut hickory","leafout",2019,111,86264,"Carya glabra"
"pignut hickory","leafout",2019,162,86264,"Carya glabra"
"pignut hickory","budburst",2019,108,86265,"Carya glabra"
"pignut hickory","leafout",2019,115,86265,"Carya glabra"
"pignut hickory","budburst",2019,108,86266,"Carya glabra"
"pignut hickory","leafout",2019,111,86266,"Carya glabra"
"shagbark hickory","budburst",2019,110,86268,"Carya ovata"
"shagbark hickory","leafout",2019,121,86268,"Carya ovata"
"shagbark hickory","leafout",2019,264,86268,"Carya ovata"
"shagbark hickory","budburst",2019,108,86269,"Carya ovata"
"shagbark hickory","leafout",2019,124,86269,"Carya ovata"
"shagbark hickory","budburst",2019,108,86270,"Carya ovata"
"shagbark hickory","leafout",2019,119,86270,"Carya ovata"
"shagbark hickory","leafout",2019,196,86270,"Carya ovata"
"shagbark hickory","budburst",2019,108,86271,"Carya ovata"
"shagbark hickory","budburst",2019,115,86271,"Carya ovata"
"shagbark hickory","leafout",2019,124,86271,"Carya ovata"
"shagbark hickory","budburst",2019,108,86272,"Carya ovata"
"shagbark hickory","leafout",2019,124,86272,"Carya ovata"
"American beech","budburst",2019,107,86274,"Fagus grandifolia"
"American beech","leafout",2019,115,86274,"Fagus grandifolia"
"American beech","budburst",2019,115,86276,"Fagus grandifolia"
"American beech","leafout",2019,119,86276,"Fagus grandifolia"
"eastern cottonwood","budburst",2019,123,86278,"Populus deltoides"
"eastern cottonwood","leafout",2019,123,86278,"Populus deltoides"
"eastern cottonwood","leafout",2019,248,86278,"Populus deltoides"
"eastern cottonwood","leafout",2019,128,86279,"Populus deltoides"
"eastern cottonwood","leafout",2019,254,86279,"Populus deltoides"
"eastern cottonwood","leafout",2019,128,86280,"Populus deltoides"
"eastern cottonwood","leafout",2019,248,86280,"Populus deltoides"
"eastern cottonwood","budburst",2019,123,86281,"Populus deltoides"
"eastern cottonwood","leafout",2019,128,86281,"Populus deltoides"
"eastern cottonwood","leafout",2019,248,86281,"Populus deltoides"
"eastern cottonwood","budburst",2019,123,86282,"Populus deltoides"
"eastern cottonwood","leafout",2019,128,86282,"Populus deltoides"
"eastern cottonwood","leafout",2019,248,86282,"Populus deltoides"
"northern red oak","budburst",2019,110,86285,"Quercus rubra"
"northern red oak","leafout",2019,118,86285,"Quercus rubra"
"northern red oak","budburst",2019,110,86286,"Quercus rubra"
"northern red oak","leafout",2019,128,86286,"Quercus rubra"
"northern red oak","budburst",2019,107,86287,"Quercus rubra"
"northern red oak","leafout",2019,113,86287,"Quercus rubra"
"northern red oak","budburst",2019,107,86288,"Quercus rubra"
"northern red oak","leafout",2019,128,86288,"Quercus rubra"
"American basswood","budburst",2019,115,86289,"Tilia americana"
"American basswood","budburst",2019,209,86289,"Tilia americana"
"American basswood","leafout",2019,115,86289,"Tilia americana"
"American basswood","leafout",2019,254,86289,"Tilia americana"
"American basswood","leafout",2019,297,86289,"Tilia americana"
"American basswood","budburst",2019,109,86290,"Tilia americana"
"American basswood","leafout",2019,114,86290,"Tilia americana"
"river birch","budburst",2019,110,87754,"Betula nigra"
"river birch","budburst",2019,135,87754,"Betula nigra"
"river birch","budburst",2019,142,87754,"Betula nigra"
"river birch","leafout",2019,126,87754,"Betula nigra"
"river birch","leafout",2019,249,87754,"Betula nigra"
"river birch","leafout",2019,294,87754,"Betula nigra"
"white oak","budburst",2019,113,87756,"Quercus alba"
"white oak","leafout",2019,123,87756,"Quercus alba"
"white oak","leafout",2019,248,87756,"Quercus alba"
"American basswood","budburst",2019,113,87757,"Tilia americana"
"American basswood","budburst",2019,209,87757,"Tilia americana"
"American basswood","leafout",2019,123,87757,"Tilia americana"
"American basswood","leafout",2019,248,87757,"Tilia americana"
"white oak","budburst",2019,117,87758,"Quercus alba"
"white oak","leafout",2019,127,87758,"Quercus alba"
"white oak","budburst",2019,117,87759,"Quercus alba"
"white oak","leafout",2019,127,87759,"Quercus alba"
"northern red oak","budburst",2019,107,87760,"Quercus rubra"
"northern red oak","leafout",2019,113,87760,"Quercus rubra"
"white oak","budburst",2019,111,87761,"Quercus alba"
"white oak","leafout",2019,127,87761,"Quercus alba"
"American basswood","budburst",2019,109,87762,"Tilia americana"
"American basswood","leafout",2019,111,87762,"Tilia americana"
"American basswood","budburst",2019,111,87763,"Tilia americana"
"American basswood","leafout",2019,111,87763,"Tilia americana"
"American basswood","leafout",2019,212,87763,"Tilia americana"
"American basswood","leafout",2019,278,87763,"Tilia americana"
"white oak","budburst",2019,117,88311,"Quercus alba"
"white oak","leafout",2019,127,88311,"Quercus alba"
"sugar maple","budburst",2019,120,92203,"Acer saccharum"
"sugar maple","leafout",2019,126,92203,"Acer saccharum"
"sugar maple","leafout",2019,132,92203,"Acer saccharum"
"sugar maple","leafout",2019,144,92203,"Acer saccharum"
"sugar maple","leafout",2019,260,92203,"Acer saccharum"
"sugar maple","leafout",2019,278,92203,"Acer saccharum"
"sugar maple","leafout",2019,288,92203,"Acer saccharum"
"sugar maple","leafout",2019,296,92203,"Acer saccharum"
"sugar maple","budburst",2019,106,92204,"Acer saccharum"
"sugar maple","leafout",2019,111,92204,"Acer saccharum"
"sugar maple","leafout",2019,144,92204,"Acer saccharum"
"sugar maple","leafout",2019,260,92204,"Acer saccharum"
"sugar maple","leafout",2019,278,92204,"Acer saccharum"
"sugar maple","leafout",2019,288,92204,"Acer saccharum"
"sugar maple","leafout",2019,296,92204,"Acer saccharum"
"sugar maple","leafout",2019,311,92204,"Acer saccharum"
"sugar maple","budburst",2019,109,92206,"Acer saccharum"
"sugar maple","leafout",2019,111,92206,"Acer saccharum"
"sugar maple","leafout",2019,144,92206,"Acer saccharum"
"sugar maple","leafout",2019,263,92206,"Acer saccharum"
"sugar maple","leafout",2019,279,92206,"Acer saccharum"
"sugar maple","leafout",2019,296,92206,"Acer saccharum"
"sugar maple","budburst",2019,109,92208,"Acer saccharum"
"sugar maple","leafout",2019,120,92208,"Acer saccharum"
"sugar maple","leafout",2019,146,92208,"Acer saccharum"
"sugar maple","leafout",2019,263,92208,"Acer saccharum"
"sugar maple","leafout",2019,278,92208,"Acer saccharum"
"sugar maple","leafout",2019,296,92208,"Acer saccharum"
"sugar maple","budburst",2019,209,92209,"Acer saccharum"
"sugar maple","leafout",2019,115,92209,"Acer saccharum"
"sugar maple","leafout",2019,248,92209,"Acer saccharum"
"sugar maple","leafout",2019,297,92209,"Acer saccharum"
"red maple","budburst",2019,103,166763,"Acer rubrum"
"red maple","budburst",2019,115,166763,"Acer rubrum"
"red maple","budburst",2019,133,166763,"Acer rubrum"
"red maple","leafout",2019,115,166763,"Acer rubrum"
"red maple","leafout",2019,144,166763,"Acer rubrum"
"red maple","leafout",2019,263,166763,"Acer rubrum"
"red maple","leafout",2019,278,166763,"Acer rubrum"
"red maple","budburst",2019,103,166764,"Acer rubrum"
"red maple","leafout",2019,111,166764,"Acer rubrum"
"red maple","leafout",2019,146,166764,"Acer rubrum"
"red maple","leafout",2019,260,166764,"Acer rubrum"
"red maple","leafout",2019,278,166764,"Acer rubrum"
"red maple","leafout",2019,296,166764,"Acer rubrum"
"red maple","budburst",2019,91,166765,"Acer rubrum"
"red maple","budburst",2019,107,166765,"Acer rubrum"
"red maple","budburst",2019,133,166765,"Acer rubrum"
"red maple","leafout",2019,111,166765,"Acer rubrum"
"red maple","leafout",2019,145,166765,"Acer rubrum"
"red maple","leafout",2019,263,166765,"Acer rubrum"
"red maple","budburst",2019,107,166766,"Acer rubrum"
"red maple","leafout",2019,111,166766,"Acer rubrum"
"red maple","leafout",2019,146,166766,"Acer rubrum"
"red maple","leafout",2019,263,166766,"Acer rubrum"
"red maple","leafout",2019,296,166766,"Acer rubrum"
"red maple","budburst",2019,106,166767,"Acer rubrum"
"red maple","budburst",2019,115,166767,"Acer rubrum"
"red maple","leafout",2019,115,166767,"Acer rubrum"
"red maple","leafout",2019,149,166767,"Acer rubrum"
"red maple","leafout",2019,263,166767,"Acer rubrum"
"highbush blueberry","budburst",2019,107,166768,"Vaccinium corymbosum"
"highbush blueberry","leafout",2019,111,166768,"Vaccinium corymbosum"
"highbush blueberry","leafout",2019,269,166768,"Vaccinium corymbosum"
"highbush blueberry","leafout",2019,296,166768,"Vaccinium corymbosum"
"highbush blueberry","budburst",2019,106,166769,"Vaccinium corymbosum"
"highbush blueberry","budburst",2019,128,166769,"Vaccinium corymbosum"
"highbush blueberry","leafout",2019,117,166769,"Vaccinium corymbosum"
"highbush blueberry","leafout",2019,269,166769,"Vaccinium corymbosum"
"highbush blueberry","leafout",2019,286,166769,"Vaccinium corymbosum"
"highbush blueberry","leafout",2019,296,166769,"Vaccinium corymbosum"
"highbush blueberry","budburst",2019,104,166773,"Vaccinium corymbosum"
"highbush blueberry","budburst",2019,111,166773,"Vaccinium corymbosum"
"highbush blueberry","leafout",2019,117,166773,"Vaccinium corymbosum"
"highbush blueberry","leafout",2019,160,166773,"Vaccinium corymbosum"
"highbush blueberry","leafout",2019,269,166773,"Vaccinium corymbosum"
"highbush blueberry","leafout",2019,296,166773,"Vaccinium corymbosum"
"highbush blueberry","budburst",2019,104,166774,"Vaccinium corymbosum"
"highbush blueberry","budburst",2019,111,166774,"Vaccinium corymbosum"
"highbush blueberry","leafout",2019,117,166774,"Vaccinium corymbosum"
"highbush blueberry","leafout",2019,269,166774,"Vaccinium corymbosum"
"highbush blueberry","leafout",2019,296,166774,"Vaccinium corymbosum"
"highbush blueberry","leafout",2019,321,166774,"Vaccinium corymbosum"
"highbush blueberry","budburst",2019,105,166775,"Vaccinium corymbosum"
"highbush blueberry","budburst",2019,135,166775,"Vaccinium corymbosum"
"highbush blueberry","leafout",2019,111,166775,"Vaccinium corymbosum"
"highbush blueberry","leafout",2019,269,166775,"Vaccinium corymbosum"
"highbush blueberry","leafout",2019,286,166775,"Vaccinium corymbosum"
"highbush blueberry","leafout",2019,296,166775,"Vaccinium corymbosum"
"American witchhazel","budburst",2019,109,166776,"Hamamelis virginiana"
"American witchhazel","leafout",2019,115,166776,"Hamamelis virginiana"
"American witchhazel","leafout",2019,269,166776,"Hamamelis virginiana"
"American witchhazel","leafout",2019,285,166776,"Hamamelis virginiana"
"American witchhazel","leafout",2019,296,166776,"Hamamelis virginiana"
"American witchhazel","budburst",2019,109,166777,"Hamamelis virginiana"
"American witchhazel","leafout",2019,109,166777,"Hamamelis virginiana"
"American witchhazel","leafout",2019,269,166777,"Hamamelis virginiana"
"American witchhazel","leafout",2019,285,166777,"Hamamelis virginiana"
"American witchhazel","leafout",2019,296,166777,"Hamamelis virginiana"
"American witchhazel","budburst",2019,109,166778,"Hamamelis virginiana"
"American witchhazel","leafout",2019,115,166778,"Hamamelis virginiana"
"American witchhazel","leafout",2019,269,166778,"Hamamelis virginiana"
"American witchhazel","leafout",2019,285,166778,"Hamamelis virginiana"
"American witchhazel","leafout",2019,296,166778,"Hamamelis virginiana"
"American witchhazel","budburst",2019,109,166779,"Hamamelis virginiana"
"American witchhazel","budburst",2019,172,166779,"Hamamelis virginiana"
"American witchhazel","leafout",2019,111,166779,"Hamamelis virginiana"
"American witchhazel","leafout",2019,268,166779,"Hamamelis virginiana"
"American witchhazel","leafout",2019,285,166779,"Hamamelis virginiana"
"American witchhazel","leafout",2019,296,166779,"Hamamelis virginiana"
"American witchhazel","budburst",2019,109,166780,"Hamamelis virginiana"
"American witchhazel","budburst",2019,128,166780,"Hamamelis virginiana"
"American witchhazel","budburst",2019,172,166780,"Hamamelis virginiana"
"American witchhazel","leafout",2019,111,166780,"Hamamelis virginiana"
"American witchhazel","leafout",2019,268,166780,"Hamamelis virginiana"
"American witchhazel","leafout",2019,285,166780,"Hamamelis virginiana"
"American witchhazel","leafout",2019,296,166780,"Hamamelis virginiana"
"possumhaw","budburst",2019,117,169165,"Viburnum nudum"
"possumhaw","budburst",2019,151,169165,"Viburnum nudum"
"possumhaw","leafout",2019,103,169165,"Viburnum nudum"
"possumhaw","leafout",2019,296,169165,"Viburnum nudum"
"possumhaw","leafout",2019,310,169165,"Viburnum nudum"
"possumhaw","budburst",2019,101,169166,"Viburnum nudum"
"possumhaw","budburst",2019,117,169166,"Viburnum nudum"
"possumhaw","budburst",2019,151,169166,"Viburnum nudum"
"possumhaw","budburst",2019,172,169166,"Viburnum nudum"
"possumhaw","leafout",2019,103,169166,"Viburnum nudum"
"possumhaw","leafout",2019,282,169166,"Viburnum nudum"
"possumhaw","leafout",2019,296,169166,"Viburnum nudum"
"possumhaw","leafout",2019,310,169166,"Viburnum nudum"
"possumhaw","leafout",2019,319,169166,"Viburnum nudum"
"possumhaw","budburst",2019,117,169167,"Viburnum nudum"
"possumhaw","budburst",2019,129,169167,"Viburnum nudum"
"possumhaw","budburst",2019,151,169167,"Viburnum nudum"
"possumhaw","leafout",2019,103,169167,"Viburnum nudum"
"possumhaw","leafout",2019,282,169167,"Viburnum nudum"
"possumhaw","leafout",2019,296,169167,"Viburnum nudum"
"possumhaw","budburst",2019,115,169168,"Viburnum nudum"
"possumhaw","budburst",2019,129,169168,"Viburnum nudum"
"possumhaw","budburst",2019,151,169168,"Viburnum nudum"
"possumhaw","leafout",2019,103,169168,"Viburnum nudum"
"possumhaw","leafout",2019,282,169168,"Viburnum nudum"
"possumhaw","leafout",2019,296,169168,"Viburnum nudum"
"possumhaw","leafout",2019,310,169168,"Viburnum nudum"
"possumhaw","budburst",2019,173,169171,"Viburnum nudum"
"possumhaw","leafout",2019,109,169171,"Viburnum nudum"
"possumhaw","leafout",2019,248,169171,"Viburnum nudum"
"possumhaw","leafout",2019,297,169171,"Viburnum nudum"
"possumhaw","leafout",2019,313,169171,"Viburnum nudum"
"yellow buckeye","budburst",2020,101,85751,"Aesculus flava"
"yellow buckeye","leafout",2020,112,85751,"Aesculus flava"
"yellow buckeye","leafout",2020,112,85755,"Aesculus flava"
"yellow buckeye","leafout",2020,112,85756,"Aesculus flava"
"yellow buckeye","budburst",2020,119,85757,"Aesculus flava"
"yellow buckeye","leafout",2020,120,85757,"Aesculus flava"
"yellow buckeye","leafout",2020,251,85757,"Aesculus flava"
"yellow buckeye","budburst",2020,105,85758,"Aesculus flava"
"yellow buckeye","leafout",2020,111,85758,"Aesculus flava"
"yellow birch","budburst",2020,110,85759,"Betula alleghaniensis"
"yellow birch","budburst",2020,119,85759,"Betula alleghaniensis"
"yellow birch","budburst",2020,138,85759,"Betula alleghaniensis"
"yellow birch","budburst",2020,159,85759,"Betula alleghaniensis"
"yellow birch","leafout",2020,126,85759,"Betula alleghaniensis"
"yellow birch","budburst",2020,112,85761,"Betula alleghaniensis"
"yellow birch","leafout",2020,126,85761,"Betula alleghaniensis"
"yellow birch","leafout",2020,306,85761,"Betula alleghaniensis"
"yellow birch","budburst",2020,108,85762,"Betula alleghaniensis"
"yellow birch","leafout",2020,126,85762,"Betula alleghaniensis"
"yellow birch","budburst",2020,120,85763,"Betula alleghaniensis"
"yellow birch","leafout",2020,126,85763,"Betula alleghaniensis"
"yellow birch","leafout",2020,306,85763,"Betula alleghaniensis"
"yellow birch","budburst",2020,105,85764,"Betula alleghaniensis"
"yellow birch","leafout",2020,119,85764,"Betula alleghaniensis"
"river birch","budburst",2020,126,86258,"Betula nigra"
"river birch","leafout",2020,128,86258,"Betula nigra"
"river birch","leafout",2020,306,86258,"Betula nigra"
"river birch","budburst",2020,126,86259,"Betula nigra"
"river birch","leafout",2020,128,86259,"Betula nigra"
"river birch","leafout",2020,305,86259,"Betula nigra"
"river birch","leafout",2020,322,86259,"Betula nigra"
"river birch","budburst",2020,126,86260,"Betula nigra"
"river birch","budburst",2020,142,86260,"Betula nigra"
"river birch","budburst",2020,160,86260,"Betula nigra"
"river birch","budburst",2020,169,86260,"Betula nigra"
"river birch","leafout",2020,133,86260,"Betula nigra"
"river birch","leafout",2020,305,86260,"Betula nigra"
"river birch","budburst",2020,126,86261,"Betula nigra"
"river birch","leafout",2020,128,86261,"Betula nigra"
"river birch","leafout",2020,203,86261,"Betula nigra"
"river birch","leafout",2020,305,86261,"Betula nigra"
"pignut hickory","budburst",2020,125,86262,"Carya glabra"
"pignut hickory","leafout",2020,136,86262,"Carya glabra"
"pignut hickory","budburst",2020,125,86263,"Carya glabra"
"pignut hickory","leafout",2020,127,86263,"Carya glabra"
"pignut hickory","budburst",2020,119,86264,"Carya glabra"
"pignut hickory","leafout",2020,127,86264,"Carya glabra"
"pignut hickory","budburst",2020,125,86265,"Carya glabra"
"pignut hickory","leafout",2020,127,86265,"Carya glabra"
"pignut hickory","budburst",2020,124,86266,"Carya glabra"
"pignut hickory","leafout",2020,126,86266,"Carya glabra"
"shagbark hickory","budburst",2020,125,86268,"Carya ovata"
"shagbark hickory","leafout",2020,134,86268,"Carya ovata"
"shagbark hickory","budburst",2020,125,86269,"Carya ovata"
"shagbark hickory","leafout",2020,134,86269,"Carya ovata"
"shagbark hickory","budburst",2020,125,86270,"Carya ovata"
"shagbark hickory","leafout",2020,129,86270,"Carya ovata"
"shagbark hickory","budburst",2020,125,86271,"Carya ovata"
"shagbark hickory","budburst",2020,140,86271,"Carya ovata"
"shagbark hickory","leafout",2020,136,86271,"Carya ovata"
"shagbark hickory","budburst",2020,125,86272,"Carya ovata"
"shagbark hickory","leafout",2020,134,86272,"Carya ovata"
"American beech","budburst",2020,114,86274,"Fagus grandifolia"
"American beech","leafout",2020,120,86274,"Fagus grandifolia"
"American beech","budburst",2020,120,86276,"Fagus grandifolia"
"American beech","leafout",2020,126,86276,"Fagus grandifolia"
"eastern cottonwood","budburst",2020,125,86278,"Populus deltoides"
"eastern cottonwood","leafout",2020,126,86278,"Populus deltoides"
"eastern cottonwood","leafout",2020,251,86278,"Populus deltoides"
"eastern cottonwood","budburst",2020,126,86279,"Populus deltoides"
"eastern cottonwood","leafout",2020,132,86279,"Populus deltoides"
"eastern cottonwood","leafout",2020,251,86279,"Populus deltoides"
"eastern cottonwood","budburst",2020,125,86280,"Populus deltoides"
"eastern cottonwood","leafout",2020,132,86280,"Populus deltoides"
"eastern cottonwood","leafout",2020,251,86280,"Populus deltoides"
"eastern cottonwood","budburst",2020,125,86281,"Populus deltoides"
"eastern cottonwood","leafout",2020,127,86281,"Populus deltoides"
"eastern cottonwood","leafout",2020,251,86281,"Populus deltoides"
"eastern cottonwood","budburst",2020,125,86282,"Populus deltoides"
"eastern cottonwood","leafout",2020,127,86282,"Populus deltoides"
"eastern cottonwood","leafout",2020,251,86282,"Populus deltoides"
"American basswood","budburst",2020,116,86289,"Tilia americana"
"American basswood","leafout",2020,125,86289,"Tilia americana"
"American basswood","leafout",2020,251,86289,"Tilia americana"
"American basswood","budburst",2020,120,86290,"Tilia americana"
"American basswood","leafout",2020,126,86290,"Tilia americana"
"American basswood","leafout",2020,169,86290,"Tilia americana"
"river birch","budburst",2020,126,87754,"Betula nigra"
"river birch","leafout",2020,126,87754,"Betula nigra"
"river birch","leafout",2020,306,87754,"Betula nigra"
"white oak","budburst",2020,123,87756,"Quercus alba"
"white oak","leafout",2020,125,87756,"Quercus alba"
"white oak","leafout",2020,135,87756,"Quercus alba"
"white oak","leafout",2020,251,87756,"Quercus alba"
"American basswood","budburst",2020,123,87757,"Tilia americana"
"American basswood","leafout",2020,125,87757,"Tilia americana"
"American basswood","leafout",2020,251,87757,"Tilia americana"
"white oak","leafout",2020,126,87761,"Quercus alba"
"American basswood","budburst",2020,112,87762,"Tilia americana"
"American basswood","leafout",2020,126,87762,"Tilia americana"
"American basswood","budburst",2020,108,87763,"Tilia americana"
"American basswood","leafout",2020,119,87763,"Tilia americana"
"sugar maple","budburst",2020,126,92203,"Acer saccharum"
"sugar maple","leafout",2020,133,92203,"Acer saccharum"
"sugar maple","budburst",2020,122,92204,"Acer saccharum"
"sugar maple","leafout",2020,121,92204,"Acer saccharum"
"sugar maple","budburst",2020,121,92206,"Acer saccharum"
"sugar maple","leafout",2020,124,92206,"Acer saccharum"
"sugar maple","budburst",2020,121,92208,"Acer saccharum"
"sugar maple","leafout",2020,124,92208,"Acer saccharum"
"sugar maple","budburst",2020,112,92209,"Acer saccharum"
"sugar maple","leafout",2020,123,92209,"Acer saccharum"
"red maple","budburst",2020,119,166763,"Acer rubrum"
"red maple","leafout",2020,124,166763,"Acer rubrum"
"red maple","budburst",2020,119,166764,"Acer rubrum"
"red maple","leafout",2020,119,166764,"Acer rubrum"
"red maple","budburst",2020,105,166765,"Acer rubrum"
"red maple","budburst",2020,119,166765,"Acer rubrum"
"red maple","leafout",2020,120,166765,"Acer rubrum"
"red maple","budburst",2020,120,166766,"Acer rubrum"
"red maple","leafout",2020,120,166766,"Acer rubrum"
"red maple","budburst",2020,120,166767,"Acer rubrum"
"red maple","leafout",2020,120,166767,"Acer rubrum"
"highbush blueberry","budburst",2020,80,166768,"Vaccinium corymbosum"
"highbush blueberry","leafout",2020,125,166768,"Vaccinium corymbosum"
"highbush blueberry","budburst",2020,80,166769,"Vaccinium corymbosum"
"highbush blueberry","leafout",2020,125,166769,"Vaccinium corymbosum"
"highbush blueberry","budburst",2020,80,166773,"Vaccinium corymbosum"
"highbush blueberry","budburst",2020,111,166773,"Vaccinium corymbosum"
"highbush blueberry","leafout",2020,125,166773,"Vaccinium corymbosum"
"highbush blueberry","leafout",2020,175,166773,"Vaccinium corymbosum"
"highbush blueberry","leafout",2020,198,166773,"Vaccinium corymbosum"
"highbush blueberry","budburst",2020,80,166774,"Vaccinium corymbosum"
"highbush blueberry","budburst",2020,111,166774,"Vaccinium corymbosum"
"highbush blueberry","leafout",2020,125,166774,"Vaccinium corymbosum"
"highbush blueberry","budburst",2020,80,166775,"Vaccinium corymbosum"
"highbush blueberry","leafout",2020,120,166775,"Vaccinium corymbosum"
"American witchhazel","budburst",2020,116,166776,"Hamamelis virginiana"
"American witchhazel","budburst",2020,141,166776,"Hamamelis virginiana"
"American witchhazel","leafout",2020,121,166776,"Hamamelis virginiana"
"American witchhazel","budburst",2020,113,166777,"Hamamelis virginiana"
"American witchhazel","budburst",2020,141,166777,"Hamamelis virginiana"
"American witchhazel","leafout",2020,120,166777,"Hamamelis virginiana"
"American witchhazel","budburst",2020,113,166778,"Hamamelis virginiana"
"American witchhazel","budburst",2020,141,166778,"Hamamelis virginiana"
"American witchhazel","leafout",2020,120,166778,"Hamamelis virginiana"
"American witchhazel","budburst",2020,113,166779,"Hamamelis virginiana"
"American witchhazel","leafout",2020,122,166779,"Hamamelis virginiana"
"American witchhazel","budburst",2020,106,166780,"Hamamelis virginiana"
"American witchhazel","leafout",2020,122,166780,"Hamamelis virginiana"
"possumhaw","budburst",2020,97,169165,"Viburnum nudum"
"possumhaw","leafout",2020,100,169165,"Viburnum nudum"
"possumhaw","budburst",2020,97,169166,"Viburnum nudum"
"possumhaw","leafout",2020,100,169166,"Viburnum nudum"
"possumhaw","budburst",2020,97,169167,"Viburnum nudum"
"possumhaw","budburst",2020,141,169167,"Viburnum nudum"
"possumhaw","leafout",2020,100,169167,"Viburnum nudum"
"possumhaw","budburst",2020,97,169168,"Viburnum nudum"
"possumhaw","leafout",2020,100,169168,"Viburnum nudum"
"possumhaw","budburst",2020,99,169171,"Viburnum nudum"
"possumhaw","budburst",2020,133,169171,"Viburnum nudum"
"possumhaw","leafout",2020,104,169171,"Viburnum nudum"
"possumhaw","leafout",2020,251,169171,"Viburnum nudum"
"possumhaw","leafout",2020,315,169171,"Viburnum nudum"
"possumhaw","leafout",2020,338,169171,"Viburnum nudum"
"yellow buckeye","leafout",2021,100,85751,"Aesculus flava"
"yellow buckeye","budburst",2021,110,85757,"Aesculus flava"
"yellow buckeye","leafout",2021,110,85757,"Aesculus flava"
"yellow buckeye","budburst",2021,98,85758,"Aesculus flava"
"yellow buckeye","leafout",2021,98,85758,"Aesculus flava"
"yellow birch","budburst",2021,108,85759,"Betula alleghaniensis"
"yellow birch","leafout",2021,114,85759,"Betula alleghaniensis"
"river birch","budburst",2021,114,86260,"Betula nigra"
"river birch","leafout",2021,122,86260,"Betula nigra"
"pignut hickory","budburst",2021,113,86263,"Carya glabra"
"pignut hickory","leafout",2021,115,86263,"Carya glabra"
"pignut hickory","leafout",2021,113,86264,"Carya glabra"
"pignut hickory","budburst",2021,113,86265,"Carya glabra"
"pignut hickory","budburst",2021,118,86265,"Carya glabra"
"pignut hickory","leafout",2021,123,86265,"Carya glabra"
"pignut hickory","budburst",2021,113,86266,"Carya glabra"
"pignut hickory","leafout",2021,113,86266,"Carya glabra"
"shagbark hickory","budburst",2021,115,86270,"Carya ovata"
"shagbark hickory","leafout",2021,124,86270,"Carya ovata"
"shagbark hickory","budburst",2021,115,86271,"Carya ovata"
"shagbark hickory","leafout",2021,124,86271,"Carya ovata"
"shagbark hickory","budburst",2021,115,86272,"Carya ovata"
"American beech","budburst",2021,99,86274,"Fagus grandifolia"
"American beech","leafout",2021,104,86274,"Fagus grandifolia"
"eastern cottonwood","budburst",2021,114,86278,"Populus deltoides"
"eastern cottonwood","leafout",2021,125,86278,"Populus deltoides"
"American basswood","budburst",2021,110,86289,"Tilia americana"
"American basswood","leafout",2021,118,86289,"Tilia americana"
"American basswood","budburst",2021,114,86290,"Tilia americana"
"American basswood","leafout",2021,119,86290,"Tilia americana"
"white oak","budburst",2021,113,87756,"Quercus alba"
"American basswood","budburst",2021,113,87757,"Tilia americana"
"American basswood","leafout",2021,118,87757,"Tilia americana"
"American basswood","budburst",2021,114,87762,"Tilia americana"
"American basswood","leafout",2021,114,87762,"Tilia americana"
"American basswood","budburst",2021,108,87763,"Tilia americana"
"American basswood","leafout",2021,109,87763,"Tilia americana"
"sugar maple","budburst",2021,109,92203,"Acer saccharum"
"sugar maple","budburst",2021,122,92203,"Acer saccharum"
"sugar maple","leafout",2021,126,92203,"Acer saccharum"
"sugar maple","budburst",2021,101,92204,"Acer saccharum"
"sugar maple","leafout",2021,103,92204,"Acer saccharum"
"sugar maple","leafout",2021,126,92204,"Acer saccharum"
"sugar maple","budburst",2021,99,92209,"Acer saccharum"
"sugar maple","leafout",2021,101,92209,"Acer saccharum"
"red maple","budburst",2021,101,166763,"Acer rubrum"
"red maple","leafout",2021,114,166763,"Acer rubrum"
"red maple","leafout",2021,114,166764,"Acer rubrum"
"red maple","budburst",2021,101,166765,"Acer rubrum"
"red maple","leafout",2021,114,166765,"Acer rubrum"
"red maple","leafout",2021,122,166767,"Acer rubrum"
"highbush blueberry","budburst",2021,101,166768,"Vaccinium corymbosum"
"highbush blueberry","leafout",2021,109,166768,"Vaccinium corymbosum"
"highbush blueberry","budburst",2021,95,166775,"Vaccinium corymbosum"
"highbush blueberry","leafout",2021,101,166775,"Vaccinium corymbosum"
"American witchhazel","leafout",2021,116,166776,"Hamamelis virginiana"
"American witchhazel","budburst",2021,109,166780,"Hamamelis virginiana"
"American witchhazel","leafout",2021,109,166780,"Hamamelis virginiana"
"possumhaw","budburst",2021,88,169165,"Viburnum nudum"
"possumhaw","leafout",2021,99,169165,"Viburnum nudum"
"possumhaw","budburst",2021,109,169171,"Viburnum nudum"
"possumhaw","leafout",2021,99,169171,"Viburnum nudum"
