"phase","id","pheno_indiv_obs#","Common_Name"
"budburst",85751,37,"yellow buckeye"
"budburst",85755,42,"yellow buckeye"
"budburst",85756,35,"yellow buckeye"
"budburst",85757,61,"yellow buckeye"
"budburst",85758,72,"yellow buckeye"
"budburst",85759,180,"yellow birch"
"budburst",85761,111,"yellow birch"
"budburst",85762,145,"yellow birch"
"budburst",85763,124,"yellow birch"
"budburst",85764,199,"yellow birch"
"budburst",86258,117,"river birch"
"budburst",86259,253,"river birch"
"budburst",86260,282,"river birch"
"budburst",86261,111,"river birch"
"budburst",86262,45,"pignut hickory"
"budburst",86263,59,"pignut hickory"
"budburst",86264,61,"pignut hickory"
"budburst",86265,69,"pignut hickory"
"budburst",86266,93,"pignut hickory"
"budburst",86268,86,"shagbark hickory"
"budburst",86269,84,"shagbark hickory"
"budburst",86270,120,"shagbark hickory"
"budburst",86271,93,"shagbark hickory"
"budburst",86272,106,"shagbark hickory"
"budburst",86273,29,"American beech"
"budburst",86274,57,"American beech"
"budburst",86275,70,"American beech"
"budburst",86276,46,"American beech"
"budburst",86277,27,"American beech"
"budburst",86278,59,"eastern cottonwood"
"budburst",86279,50,"eastern cottonwood"
"budburst",86280,52,"eastern cottonwood"
"budburst",86281,49,"eastern cottonwood"
"budburst",86282,84,"eastern cottonwood"
"budburst",86285,27,"northern red oak"
"budburst",86286,27,"northern red oak"
"budburst",86287,24,"northern red oak"
"budburst",86288,26,"northern red oak"
"budburst",86289,125,"American basswood"
"budburst",86290,56,"American basswood"
"budburst",87754,169,"river birch"
"budburst",87756,59,"white oak"
"budburst",87757,96,"American basswood"
"budburst",87758,25,"white oak"
"budburst",87759,18,"white oak"
"budburst",87760,22,"northern red oak"
"budburst",87761,43,"white oak"
"budburst",87762,94,"American basswood"
"budburst",87763,68,"American basswood"
"budburst",88311,24,"white oak"
"budburst",92203,76,"sugar maple"
"budburst",92204,106,"sugar maple"
"budburst",92206,56,"sugar maple"
"budburst",92208,65,"sugar maple"
"budburst",92209,63,"sugar maple"
"budburst",135343,12,"American beech"
"budburst",135911,14,"American beech"
"budburst",166763,42,"red maple"
"budburst",166764,41,"red maple"
"budburst",166765,55,"red maple"
"budburst",166766,26,"red maple"
"budburst",166767,22,"red maple"
"budburst",166768,39,"highbush blueberry"
"budburst",166769,42,"highbush blueberry"
"budburst",166773,22,"highbush blueberry"
"budburst",166774,24,"highbush blueberry"
"budburst",166775,43,"highbush blueberry"
"budburst",166776,48,"American witchhazel"
"budburst",166777,54,"American witchhazel"
"budburst",166778,49,"American witchhazel"
"budburst",166779,58,"American witchhazel"
"budburst",166780,51,"American witchhazel"
"budburst",169165,60,"possumhaw"
"budburst",169166,61,"possumhaw"
"budburst",169167,62,"possumhaw"
"budburst",169168,61,"possumhaw"
"budburst",169171,45,"possumhaw"
"Colored leaves",85751,91,"yellow buckeye"
"Colored leaves",85755,64,"yellow buckeye"
"Colored leaves",85756,67,"yellow buckeye"
"Colored leaves",85757,130,"yellow buckeye"
"Colored leaves",85758,146,"yellow buckeye"
"Colored leaves",85759,163,"yellow birch"
"Colored leaves",85761,114,"yellow birch"
"Colored leaves",85762,141,"yellow birch"
"Colored leaves",85763,93,"yellow birch"
"Colored leaves",85764,174,"yellow birch"
"Colored leaves",86258,133,"river birch"
"Colored leaves",86259,302,"river birch"
"Colored leaves",86260,304,"river birch"
"Colored leaves",86261,157,"river birch"
"Colored leaves",86262,60,"pignut hickory"
"Colored leaves",86263,66,"pignut hickory"
"Colored leaves",86264,57,"pignut hickory"
"Colored leaves",86265,71,"pignut hickory"
"Colored leaves",86266,71,"pignut hickory"
"Colored leaves",86268,86,"shagbark hickory"
"Colored leaves",86269,84,"shagbark hickory"
"Colored leaves",86270,86,"shagbark hickory"
"Colored leaves",86271,108,"shagbark hickory"
"Colored leaves",86272,99,"shagbark hickory"
"Colored leaves",86273,10,"American beech"
"Colored leaves",86274,72,"American beech"
"Colored leaves",86275,47,"American beech"
"Colored leaves",86276,55,"American beech"
"Colored leaves",86277,6,"American beech"
"Colored leaves",86278,92,"eastern cottonwood"
"Colored leaves",86279,106,"eastern cottonwood"
"Colored leaves",86280,112,"eastern cottonwood"
"Colored leaves",86281,115,"eastern cottonwood"
"Colored leaves",86282,128,"eastern cottonwood"
"Colored leaves",86285,70,"northern red oak"
"Colored leaves",86286,62,"northern red oak"
"Colored leaves",86287,53,"northern red oak"
"Colored leaves",86288,64,"northern red oak"
"Colored leaves",86289,92,"American basswood"
"Colored leaves",86290,124,"American basswood"
"Colored leaves",87754,183,"river birch"
"Colored leaves",87756,97,"white oak"
"Colored leaves",87757,83,"American basswood"
"Colored leaves",87758,67,"white oak"
"Colored leaves",87759,53,"white oak"
"Colored leaves",87760,50,"northern red oak"
"Colored leaves",87761,79,"white oak"
"Colored leaves",87762,119,"American basswood"
"Colored leaves",87763,113,"American basswood"
"Colored leaves",88311,51,"white oak"
"Colored leaves",92203,97,"sugar maple"
"Colored leaves",92204,103,"sugar maple"
"Colored leaves",92206,71,"sugar maple"
"Colored leaves",92208,59,"sugar maple"
"Colored leaves",92209,122,"sugar maple"
"Colored leaves",135343,18,"American beech"
"Colored leaves",135911,34,"American beech"
"Colored leaves",166763,51,"red maple"
"Colored leaves",166764,46,"red maple"
"Colored leaves",166765,65,"red maple"
"Colored leaves",166766,33,"red maple"
"Colored leaves",166767,40,"red maple"
"Colored leaves",166768,55,"highbush blueberry"
"Colored leaves",166769,45,"highbush blueberry"
"Colored leaves",166773,43,"highbush blueberry"
"Colored leaves",166774,38,"highbush blueberry"
"Colored leaves",166775,66,"highbush blueberry"
"Colored leaves",166776,51,"American witchhazel"
"Colored leaves",166777,54,"American witchhazel"
"Colored leaves",166778,48,"American witchhazel"
"Colored leaves",166779,59,"American witchhazel"
"Colored leaves",166780,54,"American witchhazel"
"Colored leaves",169165,83,"possumhaw"
"Colored leaves",169166,89,"possumhaw"
"Colored leaves",169167,69,"possumhaw"
"Colored leaves",169168,75,"possumhaw"
"Colored leaves",169171,46,"possumhaw"
"flowers",85751,90,"yellow buckeye"
"flowers",85755,79,"yellow buckeye"
"flowers",85756,83,"yellow buckeye"
"flowers",85757,107,"yellow buckeye"
"flowers",85758,141,"yellow buckeye"
"flowers",85759,233,"yellow birch"
"flowers",85761,156,"yellow birch"
"flowers",85762,230,"yellow birch"
"flowers",85763,172,"yellow birch"
"flowers",85764,215,"yellow birch"
"flowers",86258,153,"river birch"
"flowers",86259,206,"river birch"
"flowers",86260,260,"river birch"
"flowers",86261,149,"river birch"
"flowers",86262,37,"pignut hickory"
"flowers",86263,52,"pignut hickory"
"flowers",86264,17,"pignut hickory"
"flowers",86265,60,"pignut hickory"
"flowers",86266,84,"pignut hickory"
"flowers",86268,77,"shagbark hickory"
"flowers",86269,67,"shagbark hickory"
"flowers",86270,105,"shagbark hickory"
"flowers",86271,75,"shagbark hickory"
"flowers",86272,103,"shagbark hickory"
"flowers",86273,23,"American beech"
"flowers",86274,37,"American beech"
"flowers",86275,45,"American beech"
"flowers",86276,19,"American beech"
"flowers",86277,21,"American beech"
"flowers",86278,78,"eastern cottonwood"
"flowers",86279,70,"eastern cottonwood"
"flowers",86280,69,"eastern cottonwood"
"flowers",86281,74,"eastern cottonwood"
"flowers",86282,84,"eastern cottonwood"
"flowers",86285,35,"northern red oak"
"flowers",86286,25,"northern red oak"
"flowers",86287,24,"northern red oak"
"flowers",86288,22,"northern red oak"
"flowers",86289,140,"American basswood"
"flowers",86290,84,"American basswood"
"flowers",87754,131,"river birch"
"flowers",87756,21,"white oak"
"flowers",87757,78,"American basswood"
"flowers",87758,43,"white oak"
"flowers",87759,24,"white oak"
"flowers",87760,24,"northern red oak"
"flowers",87761,18,"white oak"
"flowers",87762,88,"American basswood"
"flowers",87763,75,"American basswood"
"flowers",88311,24,"white oak"
"flowers",92203,11,"sugar maple"
"flowers",92204,117,"sugar maple"
"flowers",92206,40,"sugar maple"
"flowers",92208,39,"sugar maple"
"flowers",92209,43,"sugar maple"
"flowers",135343,17,"American beech"
"flowers",135911,12,"American beech"
"flowers",166763,49,"red maple"
"flowers",166764,33,"red maple"
"flowers",166765,50,"red maple"
"flowers",166766,22,"red maple"
"flowers",166767,21,"red maple"
"flowers",166768,56,"highbush blueberry"
"flowers",166769,43,"highbush blueberry"
"flowers",166773,31,"highbush blueberry"
"flowers",166774,37,"highbush blueberry"
"flowers",166775,66,"highbush blueberry"
"flowers",166776,76,"American witchhazel"
"flowers",166777,79,"American witchhazel"
"flowers",166778,80,"American witchhazel"
"flowers",166779,69,"American witchhazel"
"flowers",166780,69,"American witchhazel"
"flowers",169165,71,"possumhaw"
"flowers",169166,68,"possumhaw"
"flowers",169167,77,"possumhaw"
"flowers",169168,89,"possumhaw"
"flowers",169171,125,"possumhaw"
"Fruits",85751,82,"yellow buckeye"
"Fruits",85755,70,"yellow buckeye"
"Fruits",85756,89,"yellow buckeye"
"Fruits",85757,145,"yellow buckeye"
"Fruits",85758,195,"yellow buckeye"
"Fruits",85759,349,"yellow birch"
"Fruits",85761,211,"yellow birch"
"Fruits",85762,291,"yellow birch"
"Fruits",85763,188,"yellow birch"
"Fruits",85764,311,"yellow birch"
"Fruits",86258,60,"river birch"
"Fruits",86259,101,"river birch"
"Fruits",86260,148,"river birch"
"Fruits",86261,89,"river birch"
"Fruits",86262,124,"pignut hickory"
"Fruits",86263,135,"pignut hickory"
"Fruits",86264,100,"pignut hickory"
"Fruits",86265,160,"pignut hickory"
"Fruits",86266,188,"pignut hickory"
"Fruits",86268,186,"shagbark hickory"
"Fruits",86269,183,"shagbark hickory"
"Fruits",86270,192,"shagbark hickory"
"Fruits",86271,196,"shagbark hickory"
"Fruits",86272,252,"shagbark hickory"
"Fruits",86273,21,"American beech"
"Fruits",86274,107,"American beech"
"Fruits",86275,96,"American beech"
"Fruits",86276,45,"American beech"
"Fruits",86277,31,"American beech"
"Fruits",86278,96,"eastern cottonwood"
"Fruits",86279,87,"eastern cottonwood"
"Fruits",86280,103,"eastern cottonwood"
"Fruits",86281,108,"eastern cottonwood"
"Fruits",86282,5,"eastern cottonwood"
"Fruits",86285,68,"northern red oak"
"Fruits",86286,39,"northern red oak"
"Fruits",86287,40,"northern red oak"
"Fruits",86288,25,"northern red oak"
"Fruits",86289,181,"American basswood"
"Fruits",86290,165,"American basswood"
"Fruits",87754,63,"river birch"
"Fruits",87756,29,"white oak"
"Fruits",87757,122,"American basswood"
"Fruits",87758,64,"white oak"
"Fruits",87759,35,"white oak"
"Fruits",87760,16,"northern red oak"
"Fruits",87761,19,"white oak"
"Fruits",87762,174,"American basswood"
"Fruits",87763,128,"American basswood"
"Fruits",88311,35,"white oak"
"Fruits",92203,3,"sugar maple"
"Fruits",92204,252,"sugar maple"
"Fruits",92206,59,"sugar maple"
"Fruits",92208,47,"sugar maple"
"Fruits",92209,85,"sugar maple"
"Fruits",135343,35,"American beech"
"Fruits",135911,47,"American beech"
"Fruits",166763,69,"red maple"
"Fruits",166764,2,"red maple"
"Fruits",166765,1,"red maple"
"Fruits",166766,4,"red maple"
"Fruits",166767,28,"red maple"
"Fruits",166768,55,"highbush blueberry"
"Fruits",166769,38,"highbush blueberry"
"Fruits",166773,28,"highbush blueberry"
"Fruits",166774,27,"highbush blueberry"
"Fruits",166775,54,"highbush blueberry"
"Fruits",166776,75,"American witchhazel"
"Fruits",166777,70,"American witchhazel"
"Fruits",166778,67,"American witchhazel"
"Fruits",166779,88,"American witchhazel"
"Fruits",166780,90,"American witchhazel"
"Fruits",169165,113,"possumhaw"
"Fruits",169166,107,"possumhaw"
"Fruits",169167,105,"possumhaw"
"Fruits",169168,124,"possumhaw"
"Fruits",169171,64,"possumhaw"
"Increasing leaf size",85751,68,"yellow buckeye"
"Increasing leaf size",85755,77,"yellow buckeye"
"Increasing leaf size",85756,80,"yellow buckeye"
"Increasing leaf size",85757,126,"yellow buckeye"
"Increasing leaf size",85758,118,"yellow buckeye"
"Increasing leaf size",85759,148,"yellow birch"
"Increasing leaf size",85761,120,"yellow birch"
"Increasing leaf size",85762,135,"yellow birch"
"Increasing leaf size",85763,118,"yellow birch"
"Increasing leaf size",85764,137,"yellow birch"
"Increasing leaf size",86258,110,"river birch"
"Increasing leaf size",86259,153,"river birch"
"Increasing leaf size",86260,181,"river birch"
"Increasing leaf size",86261,122,"river birch"
"Increasing leaf size",86262,48,"pignut hickory"
"Increasing leaf size",86263,79,"pignut hickory"
"Increasing leaf size",86264,67,"pignut hickory"
"Increasing leaf size",86265,73,"pignut hickory"
"Increasing leaf size",86266,104,"pignut hickory"
"Increasing leaf size",86268,93,"shagbark hickory"
"Increasing leaf size",86269,90,"shagbark hickory"
"Increasing leaf size",86270,106,"shagbark hickory"
"Increasing leaf size",86271,96,"shagbark hickory"
"Increasing leaf size",86272,100,"shagbark hickory"
"Increasing leaf size",86273,23,"American beech"
"Increasing leaf size",86274,69,"American beech"
"Increasing leaf size",86275,69,"American beech"
"Increasing leaf size",86276,66,"American beech"
"Increasing leaf size",86277,20,"American beech"
"Increasing leaf size",86278,106,"eastern cottonwood"
"Increasing leaf size",86279,96,"eastern cottonwood"
"Increasing leaf size",86280,93,"eastern cottonwood"
"Increasing leaf size",86281,94,"eastern cottonwood"
"Increasing leaf size",86282,101,"eastern cottonwood"
"Increasing leaf size",86285,39,"northern red oak"
"Increasing leaf size",86286,31,"northern red oak"
"Increasing leaf size",86287,33,"northern red oak"
"Increasing leaf size",86288,28,"northern red oak"
"Increasing leaf size",86289,135,"American basswood"
"Increasing leaf size",86290,67,"American basswood"
"Increasing leaf size",87754,128,"river birch"
"Increasing leaf size",87756,106,"white oak"
"Increasing leaf size",87757,119,"American basswood"
"Increasing leaf size",87758,50,"white oak"
"Increasing leaf size",87759,21,"white oak"
"Increasing leaf size",87760,31,"northern red oak"
"Increasing leaf size",87761,59,"white oak"
"Increasing leaf size",87762,79,"American basswood"
"Increasing leaf size",87763,80,"American basswood"
"Increasing leaf size",88311,22,"white oak"
"Increasing leaf size",92203,89,"sugar maple"
"Increasing leaf size",92204,134,"sugar maple"
"Increasing leaf size",92206,79,"sugar maple"
"Increasing leaf size",92208,75,"sugar maple"
"Increasing leaf size",92209,106,"sugar maple"
"Increasing leaf size",135343,23,"American beech"
"Increasing leaf size",135911,27,"American beech"
"Increasing leaf size",166763,54,"red maple"
"Increasing leaf size",166764,53,"red maple"
"Increasing leaf size",166765,44,"red maple"
"Increasing leaf size",166766,34,"red maple"
"Increasing leaf size",166767,34,"red maple"
"Increasing leaf size",166768,45,"highbush blueberry"
"Increasing leaf size",166769,44,"highbush blueberry"
"Increasing leaf size",166773,17,"highbush blueberry"
"Increasing leaf size",166774,21,"highbush blueberry"
"Increasing leaf size",166775,51,"highbush blueberry"
"Increasing leaf size",166776,43,"American witchhazel"
"Increasing leaf size",166777,46,"American witchhazel"
"Increasing leaf size",166778,42,"American witchhazel"
"Increasing leaf size",166779,42,"American witchhazel"
"Increasing leaf size",166780,43,"American witchhazel"
"Increasing leaf size",169165,65,"possumhaw"
"Increasing leaf size",169166,63,"possumhaw"
"Increasing leaf size",169167,71,"possumhaw"
"Increasing leaf size",169168,68,"possumhaw"
"Increasing leaf size",169171,50,"possumhaw"
"leaf drop",85751,71,"yellow buckeye"
"leaf drop",85755,42,"yellow buckeye"
"leaf drop",85756,55,"yellow buckeye"
"leaf drop",85757,108,"yellow buckeye"
"leaf drop",85758,112,"yellow buckeye"
"leaf drop",85759,148,"yellow birch"
"leaf drop",85761,92,"yellow birch"
"leaf drop",85762,122,"yellow birch"
"leaf drop",85763,87,"yellow birch"
"leaf drop",85764,158,"yellow birch"
"leaf drop",86258,117,"river birch"
"leaf drop",86259,269,"river birch"
"leaf drop",86260,273,"river birch"
"leaf drop",86261,142,"river birch"
"leaf drop",86262,34,"pignut hickory"
"leaf drop",86263,41,"pignut hickory"
"leaf drop",86264,37,"pignut hickory"
"leaf drop",86265,42,"pignut hickory"
"leaf drop",86266,44,"pignut hickory"
"leaf drop",86268,64,"shagbark hickory"
"leaf drop",86269,56,"shagbark hickory"
"leaf drop",86270,60,"shagbark hickory"
"leaf drop",86271,76,"shagbark hickory"
"leaf drop",86272,69,"shagbark hickory"
"leaf drop",86273,10,"American beech"
"leaf drop",86274,69,"American beech"
"leaf drop",86275,46,"American beech"
"leaf drop",86276,51,"American beech"
"leaf drop",86278,100,"eastern cottonwood"
"leaf drop",86279,113,"eastern cottonwood"
"leaf drop",86280,111,"eastern cottonwood"
"leaf drop",86281,116,"eastern cottonwood"
"leaf drop",86282,127,"eastern cottonwood"
"leaf drop",86285,51,"northern red oak"
"leaf drop",86286,46,"northern red oak"
"leaf drop",86287,43,"northern red oak"
"leaf drop",86288,39,"northern red oak"
"leaf drop",86289,81,"American basswood"
"leaf drop",86290,105,"American basswood"
"leaf drop",87754,155,"river birch"
"leaf drop",87756,92,"white oak"
"leaf drop",87757,78,"American basswood"
"leaf drop",87758,59,"white oak"
"leaf drop",87759,40,"white oak"
"leaf drop",87760,39,"northern red oak"
"leaf drop",87761,64,"white oak"
"leaf drop",87762,97,"American basswood"
"leaf drop",87763,104,"American basswood"
"leaf drop",88311,42,"white oak"
"leaf drop",92203,65,"sugar maple"
"leaf drop",92204,79,"sugar maple"
"leaf drop",92206,54,"sugar maple"
"leaf drop",92208,50,"sugar maple"
"leaf drop",92209,108,"sugar maple"
"leaf drop",135343,17,"American beech"
"leaf drop",135911,30,"American beech"
"leaf drop",166763,41,"red maple"
"leaf drop",166764,33,"red maple"
"leaf drop",166765,51,"red maple"
"leaf drop",166766,27,"red maple"
"leaf drop",166767,33,"red maple"
"leaf drop",166768,39,"highbush blueberry"
"leaf drop",166769,32,"highbush blueberry"
"leaf drop",166773,32,"highbush blueberry"
"leaf drop",166774,30,"highbush blueberry"
"leaf drop",166775,48,"highbush blueberry"
"leaf drop",166776,42,"American witchhazel"
"leaf drop",166777,39,"American witchhazel"
"leaf drop",166778,41,"American witchhazel"
"leaf drop",166779,47,"American witchhazel"
"leaf drop",166780,48,"American witchhazel"
"leaf drop",169165,48,"possumhaw"
"leaf drop",169166,55,"possumhaw"
"leaf drop",169167,39,"possumhaw"
"leaf drop",169168,46,"possumhaw"
"leaf drop",169171,42,"possumhaw"
"leafout",85751,222,"yellow buckeye"
"leafout",85755,196,"yellow buckeye"
"leafout",85756,198,"yellow buckeye"
"leafout",85757,393,"yellow buckeye"
"leafout",85758,366,"yellow buckeye"
"leafout",85759,518,"yellow birch"
"leafout",85761,369,"yellow birch"
"leafout",85762,440,"yellow birch"
"leafout",85763,398,"yellow birch"
"leafout",85764,444,"yellow birch"
"leafout",86258,410,"river birch"
"leafout",86259,600,"river birch"
"leafout",86260,687,"river birch"
"leafout",86261,410,"river birch"
"leafout",86262,190,"pignut hickory"
"leafout",86263,254,"pignut hickory"
"leafout",86264,201,"pignut hickory"
"leafout",86265,262,"pignut hickory"
"leafout",86266,325,"pignut hickory"
"leafout",86268,341,"shagbark hickory"
"leafout",86269,322,"shagbark hickory"
"leafout",86270,375,"shagbark hickory"
"leafout",86271,373,"shagbark hickory"
"leafout",86272,394,"shagbark hickory"
"leafout",86273,82,"American beech"
"leafout",86274,293,"American beech"
"leafout",86275,238,"American beech"
"leafout",86276,245,"American beech"
"leafout",86277,73,"American beech"
"leafout",86278,359,"eastern cottonwood"
"leafout",86279,325,"eastern cottonwood"
"leafout",86280,337,"eastern cottonwood"
"leafout",86281,340,"eastern cottonwood"
"leafout",86282,355,"eastern cottonwood"
"leafout",86285,204,"northern red oak"
"leafout",86286,186,"northern red oak"
"leafout",86287,170,"northern red oak"
"leafout",86288,185,"northern red oak"
"leafout",86289,435,"American basswood"
"leafout",86290,326,"American basswood"
"leafout",87754,440,"river birch"
"leafout",87756,374,"white oak"
"leafout",87757,367,"American basswood"
"leafout",87758,227,"white oak"
"leafout",87759,141,"white oak"
"leafout",87760,160,"northern red oak"
"leafout",87761,274,"white oak"
"leafout",87762,366,"American basswood"
"leafout",87763,324,"American basswood"
"leafout",88311,136,"white oak"
"leafout",92203,390,"sugar maple"
"leafout",92204,440,"sugar maple"
"leafout",92206,226,"sugar maple"
"leafout",92208,223,"sugar maple"
"leafout",92209,398,"sugar maple"
"leafout",135343,70,"American beech"
"leafout",135911,101,"American beech"
"leafout",166763,157,"red maple"
"leafout",166764,161,"red maple"
"leafout",166765,142,"red maple"
"leafout",166766,111,"red maple"
"leafout",166767,109,"red maple"
"leafout",166768,139,"highbush blueberry"
"leafout",166769,115,"highbush blueberry"
"leafout",166773,88,"highbush blueberry"
"leafout",166774,91,"highbush blueberry"
"leafout",166775,160,"highbush blueberry"
"leafout",166776,113,"American witchhazel"
"leafout",166777,123,"American witchhazel"
"leafout",166778,107,"American witchhazel"
"leafout",166779,120,"American witchhazel"
"leafout",166780,121,"American witchhazel"
"leafout",169165,229,"possumhaw"
"leafout",169166,231,"possumhaw"
"leafout",169167,223,"possumhaw"
"leafout",169168,223,"possumhaw"
"leafout",169171,170,"possumhaw"
"Open flowers",85751,40,"yellow buckeye"
"Open flowers",85755,33,"yellow buckeye"
"Open flowers",85756,35,"yellow buckeye"
"Open flowers",85757,56,"yellow buckeye"
"Open flowers",85758,71,"yellow buckeye"
"Open flowers",85759,87,"yellow birch"
"Open flowers",85761,81,"yellow birch"
"Open flowers",85762,113,"yellow birch"
"Open flowers",85763,66,"yellow birch"
"Open flowers",85764,105,"yellow birch"
"Open flowers",86258,60,"river birch"
"Open flowers",86259,102,"river birch"
"Open flowers",86260,124,"river birch"
"Open flowers",86261,69,"river birch"
"Open flowers",86262,21,"pignut hickory"
"Open flowers",86263,27,"pignut hickory"
"Open flowers",86264,12,"pignut hickory"
"Open flowers",86265,30,"pignut hickory"
"Open flowers",86266,36,"pignut hickory"
"Open flowers",86268,44,"shagbark hickory"
"Open flowers",86269,39,"shagbark hickory"
"Open flowers",86270,52,"shagbark hickory"
"Open flowers",86271,41,"shagbark hickory"
"Open flowers",86272,55,"shagbark hickory"
"Open flowers",86273,14,"American beech"
"Open flowers",86274,18,"American beech"
"Open flowers",86275,30,"American beech"
"Open flowers",86276,10,"American beech"
"Open flowers",86277,14,"American beech"
"Open flowers",86278,29,"eastern cottonwood"
"Open flowers",86279,23,"eastern cottonwood"
"Open flowers",86280,27,"eastern cottonwood"
"Open flowers",86281,25,"eastern cottonwood"
"Open flowers",86282,41,"eastern cottonwood"
"Open flowers",86285,22,"northern red oak"
"Open flowers",86286,20,"northern red oak"
"Open flowers",86287,12,"northern red oak"
"Open flowers",86288,15,"northern red oak"
"Open flowers",86289,38,"American basswood"
"Open flowers",86290,19,"American basswood"
"Open flowers",87754,64,"river birch"
"Open flowers",87756,8,"white oak"
"Open flowers",87757,27,"American basswood"
"Open flowers",87758,23,"white oak"
"Open flowers",87759,13,"white oak"
"Open flowers",87760,14,"northern red oak"
"Open flowers",87761,3,"white oak"
"Open flowers",87762,25,"American basswood"
"Open flowers",87763,15,"American basswood"
"Open flowers",88311,13,"white oak"
"Open flowers",92203,3,"sugar maple"
"Open flowers",92204,77,"sugar maple"
"Open flowers",92206,26,"sugar maple"
"Open flowers",92208,17,"sugar maple"
"Open flowers",92209,16,"sugar maple"
"Open flowers",135343,8,"American beech"
"Open flowers",135911,7,"American beech"
"Open flowers",166763,39,"red maple"
"Open flowers",166764,27,"red maple"
"Open flowers",166765,40,"red maple"
"Open flowers",166766,17,"red maple"
"Open flowers",166767,19,"red maple"
"Open flowers",166768,34,"highbush blueberry"
"Open flowers",166769,20,"highbush blueberry"
"Open flowers",166773,8,"highbush blueberry"
"Open flowers",166774,10,"highbush blueberry"
"Open flowers",166775,33,"highbush blueberry"
"Open flowers",166776,42,"American witchhazel"
"Open flowers",166777,48,"American witchhazel"
"Open flowers",166778,53,"American witchhazel"
"Open flowers",166779,40,"American witchhazel"
"Open flowers",166780,41,"American witchhazel"
"Open flowers",169165,18,"possumhaw"
"Open flowers",169166,18,"possumhaw"
"Open flowers",169167,17,"possumhaw"
"Open flowers",169168,22,"possumhaw"
"Open flowers",169171,61,"possumhaw"
"Pollen release (flowers)",85759,38,"yellow birch"
"Pollen release (flowers)",85761,35,"yellow birch"
"Pollen release (flowers)",85762,56,"yellow birch"
"Pollen release (flowers)",85763,25,"yellow birch"
"Pollen release (flowers)",85764,60,"yellow birch"
"Pollen release (flowers)",86258,23,"river birch"
"Pollen release (flowers)",86259,58,"river birch"
"Pollen release (flowers)",86260,61,"river birch"
"Pollen release (flowers)",86261,35,"river birch"
"Pollen release (flowers)",86262,14,"pignut hickory"
"Pollen release (flowers)",86263,6,"pignut hickory"
"Pollen release (flowers)",86264,4,"pignut hickory"
"Pollen release (flowers)",86265,13,"pignut hickory"
"Pollen release (flowers)",86266,12,"pignut hickory"
"Pollen release (flowers)",86268,17,"shagbark hickory"
"Pollen release (flowers)",86269,15,"shagbark hickory"
"Pollen release (flowers)",86270,21,"shagbark hickory"
"Pollen release (flowers)",86271,19,"shagbark hickory"
"Pollen release (flowers)",86272,26,"shagbark hickory"
"Pollen release (flowers)",86278,18,"eastern cottonwood"
"Pollen release (flowers)",86279,15,"eastern cottonwood"
"Pollen release (flowers)",86280,13,"eastern cottonwood"
"Pollen release (flowers)",86281,18,"eastern cottonwood"
"Pollen release (flowers)",86282,31,"eastern cottonwood"
"Pollen release (flowers)",86285,15,"northern red oak"
"Pollen release (flowers)",86286,10,"northern red oak"
"Pollen release (flowers)",86287,6,"northern red oak"
"Pollen release (flowers)",86288,7,"northern red oak"
"Pollen release (flowers)",86289,21,"American basswood"
"Pollen release (flowers)",86290,3,"American basswood"
"Pollen release (flowers)",87754,23,"river birch"
"Pollen release (flowers)",87756,6,"white oak"
"Pollen release (flowers)",87757,13,"American basswood"
"Pollen release (flowers)",87758,11,"white oak"
"Pollen release (flowers)",87759,6,"white oak"
"Pollen release (flowers)",87760,5,"northern red oak"
"Pollen release (flowers)",87761,1,"white oak"
"Pollen release (flowers)",87762,6,"American basswood"
"Pollen release (flowers)",87763,9,"American basswood"
"Pollen release (flowers)",88311,6,"white oak"
"Pollen release (flowers)",92204,39,"sugar maple"
"Pollen release (flowers)",92206,13,"sugar maple"
"Pollen release (flowers)",92208,12,"sugar maple"
"Pollen release (flowers)",92209,15,"sugar maple"
"Pollen release (flowers)",166763,5,"red maple"
"Pollen release (flowers)",166764,8,"red maple"
"Pollen release (flowers)",166765,16,"red maple"
"Pollen release (flowers)",166766,3,"red maple"
"Pollen release (flowers)",166767,3,"red maple"
"Recent fruit or seed drop",85751,30,"yellow buckeye"
"Recent fruit or seed drop",85755,40,"yellow buckeye"
"Recent fruit or seed drop",85756,56,"yellow buckeye"
"Recent fruit or seed drop",85757,81,"yellow buckeye"
"Recent fruit or seed drop",85758,57,"yellow buckeye"
"Recent fruit or seed drop",85759,107,"yellow birch"
"Recent fruit or seed drop",85761,47,"yellow birch"
"Recent fruit or seed drop",85762,79,"yellow birch"
"Recent fruit or seed drop",85763,45,"yellow birch"
"Recent fruit or seed drop",85764,64,"yellow birch"
"Recent fruit or seed drop",86258,16,"river birch"
"Recent fruit or seed drop",86259,45,"river birch"
"Recent fruit or seed drop",86260,69,"river birch"
"Recent fruit or seed drop",86261,35,"river birch"
"Recent fruit or seed drop",86262,33,"pignut hickory"
"Recent fruit or seed drop",86263,57,"pignut hickory"
"Recent fruit or seed drop",86264,39,"pignut hickory"
"Recent fruit or seed drop",86265,68,"pignut hickory"
"Recent fruit or seed drop",86266,76,"pignut hickory"
"Recent fruit or seed drop",86268,94,"shagbark hickory"
"Recent fruit or seed drop",86269,89,"shagbark hickory"
"Recent fruit or seed drop",86270,88,"shagbark hickory"
"Recent fruit or seed drop",86271,97,"shagbark hickory"
"Recent fruit or seed drop",86272,115,"shagbark hickory"
"Recent fruit or seed drop",86273,5,"American beech"
"Recent fruit or seed drop",86274,42,"American beech"
"Recent fruit or seed drop",86275,36,"American beech"
"Recent fruit or seed drop",86276,8,"American beech"
"Recent fruit or seed drop",86278,47,"eastern cottonwood"
"Recent fruit or seed drop",86279,30,"eastern cottonwood"
"Recent fruit or seed drop",86280,31,"eastern cottonwood"
"Recent fruit or seed drop",86281,47,"eastern cottonwood"
"Recent fruit or seed drop",86282,8,"eastern cottonwood"
"Recent fruit or seed drop",86285,50,"northern red oak"
"Recent fruit or seed drop",86286,41,"northern red oak"
"Recent fruit or seed drop",86287,29,"northern red oak"
"Recent fruit or seed drop",86288,37,"northern red oak"
"Recent fruit or seed drop",86289,128,"American basswood"
"Recent fruit or seed drop",86290,68,"American basswood"
"Recent fruit or seed drop",87754,28,"river birch"
"Recent fruit or seed drop",87756,56,"white oak"
"Recent fruit or seed drop",87757,86,"American basswood"
"Recent fruit or seed drop",87758,31,"white oak"
"Recent fruit or seed drop",87759,15,"white oak"
"Recent fruit or seed drop",87760,15,"northern red oak"
"Recent fruit or seed drop",87761,36,"white oak"
"Recent fruit or seed drop",87762,72,"American basswood"
"Recent fruit or seed drop",87763,43,"American basswood"
"Recent fruit or seed drop",88311,21,"white oak"
"Recent fruit or seed drop",92203,3,"sugar maple"
"Recent fruit or seed drop",92204,82,"sugar maple"
"Recent fruit or seed drop",92206,33,"sugar maple"
"Recent fruit or seed drop",92208,23,"sugar maple"
"Recent fruit or seed drop",92209,66,"sugar maple"
"Recent fruit or seed drop",135343,15,"American beech"
"Recent fruit or seed drop",135911,18,"American beech"
"Recent fruit or seed drop",166763,20,"red maple"
"Recent fruit or seed drop",166765,2,"red maple"
"Recent fruit or seed drop",166766,1,"red maple"
"Recent fruit or seed drop",166767,4,"red maple"
"Recent fruit or seed drop",166768,5,"highbush blueberry"
"Recent fruit or seed drop",166769,5,"highbush blueberry"
"Recent fruit or seed drop",166773,1,"highbush blueberry"
"Recent fruit or seed drop",166774,1,"highbush blueberry"
"Recent fruit or seed drop",166775,3,"highbush blueberry"
"Recent fruit or seed drop",166776,26,"American witchhazel"
"Recent fruit or seed drop",166777,24,"American witchhazel"
"Recent fruit or seed drop",166778,21,"American witchhazel"
"Recent fruit or seed drop",166779,24,"American witchhazel"
"Recent fruit or seed drop",166780,24,"American witchhazel"
"Recent fruit or seed drop",169165,32,"possumhaw"
"Recent fruit or seed drop",169166,20,"possumhaw"
"Recent fruit or seed drop",169167,24,"possumhaw"
"Recent fruit or seed drop",169168,29,"possumhaw"
"Recent fruit or seed drop",169171,25,"possumhaw"
"Ripe fruits",85751,27,"yellow buckeye"
"Ripe fruits",85755,32,"yellow buckeye"
"Ripe fruits",85756,44,"yellow buckeye"
"Ripe fruits",85757,54,"yellow buckeye"
"Ripe fruits",85758,39,"yellow buckeye"
"Ripe fruits",85759,194,"yellow birch"
"Ripe fruits",85761,112,"yellow birch"
"Ripe fruits",85762,158,"yellow birch"
"Ripe fruits",85763,103,"yellow birch"
"Ripe fruits",85764,206,"yellow birch"
"Ripe fruits",86258,15,"river birch"
"Ripe fruits",86259,33,"river birch"
"Ripe fruits",86260,70,"river birch"
"Ripe fruits",86261,38,"river birch"
"Ripe fruits",86262,35,"pignut hickory"
"Ripe fruits",86263,41,"pignut hickory"
"Ripe fruits",86264,22,"pignut hickory"
"Ripe fruits",86265,46,"pignut hickory"
"Ripe fruits",86266,48,"pignut hickory"
"Ripe fruits",86268,64,"shagbark hickory"
"Ripe fruits",86269,71,"shagbark hickory"
"Ripe fruits",86270,72,"shagbark hickory"
"Ripe fruits",86271,53,"shagbark hickory"
"Ripe fruits",86272,82,"shagbark hickory"
"Ripe fruits",86273,5,"American beech"
"Ripe fruits",86274,32,"American beech"
"Ripe fruits",86275,26,"American beech"
"Ripe fruits",86276,4,"American beech"
"Ripe fruits",86277,3,"American beech"
"Ripe fruits",86278,39,"eastern cottonwood"
"Ripe fruits",86279,26,"eastern cottonwood"
"Ripe fruits",86280,28,"eastern cottonwood"
"Ripe fruits",86281,40,"eastern cottonwood"
"Ripe fruits",86282,4,"eastern cottonwood"
"Ripe fruits",86285,28,"northern red oak"
"Ripe fruits",86286,23,"northern red oak"
"Ripe fruits",86287,10,"northern red oak"
"Ripe fruits",86288,17,"northern red oak"
"Ripe fruits",86289,124,"American basswood"
"Ripe fruits",86290,117,"American basswood"
"Ripe fruits",87754,22,"river birch"
"Ripe fruits",87756,18,"white oak"
"Ripe fruits",87757,90,"American basswood"
"Ripe fruits",87758,14,"white oak"
"Ripe fruits",87759,9,"white oak"
"Ripe fruits",87760,6,"northern red oak"
"Ripe fruits",87761,8,"white oak"
"Ripe fruits",87762,125,"American basswood"
"Ripe fruits",87763,71,"American basswood"
"Ripe fruits",88311,9,"white oak"
"Ripe fruits",92204,93,"sugar maple"
"Ripe fruits",92206,27,"sugar maple"
"Ripe fruits",92208,23,"sugar maple"
"Ripe fruits",92209,45,"sugar maple"
"Ripe fruits",135343,15,"American beech"
"Ripe fruits",135911,15,"American beech"
"Ripe fruits",166763,25,"red maple"
"Ripe fruits",166764,1,"red maple"
"Ripe fruits",166767,6,"red maple"
"Ripe fruits",166768,25,"highbush blueberry"
"Ripe fruits",166769,14,"highbush blueberry"
"Ripe fruits",166773,9,"highbush blueberry"
"Ripe fruits",166774,4,"highbush blueberry"
"Ripe fruits",166775,18,"highbush blueberry"
"Ripe fruits",166776,23,"American witchhazel"
"Ripe fruits",166777,21,"American witchhazel"
"Ripe fruits",166778,21,"American witchhazel"
"Ripe fruits",166779,29,"American witchhazel"
"Ripe fruits",166780,33,"American witchhazel"
"Ripe fruits",169165,57,"possumhaw"
"Ripe fruits",169166,48,"possumhaw"
"Ripe fruits",169167,56,"possumhaw"
"Ripe fruits",169168,71,"possumhaw"
"Ripe fruits",169171,28,"possumhaw"
